class_id,level,str,str_dist,new_str,agi,agi_dist,new_agi,sta,sta_dist,new_sta,inte,inte_dist,new_inte,spi,spi_dist,new_spi,stat_points,new_stat_points
1,1,18,20.5%,19,15,17.0%,16,21,23.9%,22,15,17.0%,16,19,21.6%,20,88,89
1,2,19,20.9%,19,16,17.6%,16,22,24.2%,22,15,16.5%,15,19,20.9%,19,91,89
1,3,21,21.9%,20,17,17.7%,17,23,24.0%,22,15,15.6%,15,20,20.8%,19,96,91
1,4,22,22.2%,21,17,17.2%,16,25,25.3%,23,15,15.2%,14,20,20.2%,19,99,91
1,5,23,22.5%,21,18,17.6%,17,26,25.5%,24,15,14.7%,14,20,19.6%,18,102,91
1,6,25,23.6%,22,19,17.9%,17,27,25.5%,24,15,14.2%,13,20,18.9%,18,106,91
1,7,26,23.4%,22,20,18.0%,17,28,25.2%,24,16,14.4%,14,21,18.9%,18,111,93
1,8,27,23.7%,23,21,18.4%,18,29,25.4%,24,16,14.0%,14,21,18.4%,18,114,93
1,9,29,24.4%,23,22,18.5%,18,31,26.1%,25,16,13.4%,13,21,17.6%,17,119,94
1,10,30,24.6%,24,22,18.0%,17,32,26.2%,25,16,13.1%,13,22,18.0%,17,122,94
1,11,32,25.4%,24,23,18.3%,18,33,26.2%,25,16,12.7%,12,22,17.5%,17,126,94
1,12,33,25.6%,25,24,18.6%,18,34,26.4%,25,16,12.4%,12,22,17.1%,17,129,94
1,13,34,25.4%,25,25,18.7%,18,36,26.9%,26,16,11.9%,12,23,17.2%,17,134,95
1,14,36,26.1%,26,26,18.8%,19,37,26.8%,26,16,11.6%,12,23,16.7%,16,138,96
1,15,37,26.1%,26,27,19.0%,19,38,26.8%,26,17,12.0%,12,23,16.2%,16,142,96
1,16,39,26.4%,26,28,18.9%,19,40,27.0%,27,17,11.5%,12,24,16.2%,16,148,98
1,17,40,26.5%,26,29,19.2%,19,41,27.2%,27,17,11.3%,12,24,15.9%,16,151,98
1,18,42,26.9%,27,30,19.2%,20,43,27.6%,28,17,10.9%,11,24,15.4%,16,156,99
1,19,43,26.9%,27,31,19.4%,20,44,27.5%,28,17,10.6%,11,25,15.6%,16,160,99
1,20,45,27.4%,28,32,19.5%,20,45,27.4%,28,17,10.4%,11,25,15.2%,16,164,99
1,21,47,27.6%,28,33,19.4%,20,47,27.6%,28,17,10.0%,10,26,15.3%,16,170,100
1,22,48,27.6%,28,34,19.5%,20,48,27.6%,28,18,10.3%,11,26,14.9%,16,174,101
1,23,50,27.9%,29,35,19.6%,20,50,27.9%,29,18,10.1%,11,26,14.5%,15,179,101
1,24,51,27.9%,29,36,19.7%,21,51,27.9%,29,18,9.8%,11,27,14.8%,16,183,102
1,25,53,28.3%,29,37,19.8%,21,52,27.8%,29,18,9.6%,10,27,14.4%,15,187,102
1,26,55,28.6%,30,38,19.8%,21,54,28.1%,29,18,9.4%,10,27,14.1%,15,192,102
1,27,56,28.6%,30,39,19.9%,21,55,28.1%,29,18,9.2%,10,28,14.3%,15,196,103
1,28,58,28.9%,30,40,19.9%,21,57,28.4%,30,18,9.0%,10,28,13.9%,15,201,103
1,29,59,28.6%,30,41,19.9%,21,58,28.2%,30,19,9.2%,10,29,14.1%,15,206,104
1,30,61,28.9%,31,42,19.9%,21,60,28.4%,30,19,9.0%,10,29,13.7%,15,211,104
1,31,63,29.0%,31,43,19.8%,21,62,28.6%,30,19,8.8%,10,30,13.8%,15,217,105
1,32,65,29.4%,32,44,19.9%,22,63,28.5%,31,19,8.6%,10,30,13.6%,15,221,106
1,33,66,29.3%,32,45,20.0%,22,65,28.9%,31,19,8.4%,9,30,13.3%,15,225,106
1,34,68,29.4%,32,46,19.9%,22,66,28.6%,31,20,8.7%,10,31,13.4%,15,231,107
1,35,70,29.7%,32,47,19.9%,22,68,28.8%,31,20,8.5%,10,31,13.1%,15,236,107
1,36,72,29.9%,32,48,19.9%,22,69,28.6%,31,20,8.3%,9,32,13.3%,15,241,107
1,37,73,29.8%,33,49,20.0%,22,71,29.0%,32,20,8.2%,9,32,13.1%,15,245,108
1,38,75,29.9%,33,50,19.9%,22,73,29.1%,32,20,8.0%,9,33,13.1%,15,251,108
1,39,77,30.1%,33,51,19.9%,22,74,28.9%,32,21,8.2%,9,33,12.9%,15,256,109
1,40,79,30.0%,34,53,20.2%,23,76,28.9%,32,21,8.0%,9,34,12.9%,15,263,110
1,41,81,30.2%,34,54,20.1%,23,78,29.1%,33,21,7.8%,9,34,12.7%,14,268,110
1,42,82,30.1%,34,55,20.2%,23,79,29.0%,32,21,7.7%,9,35,12.9%,15,272,110
1,43,84,30.3%,34,56,20.2%,23,81,29.2%,33,21,7.6%,9,35,12.6%,15,277,111
1,44,86,30.3%,34,57,20.1%,23,83,29.2%,33,22,7.7%,9,36,12.7%,15,284,112
1,45,88,30.4%,35,58,20.1%,23,85,29.4%,33,22,7.6%,9,36,12.5%,14,289,112
1,46,90,30.5%,35,60,20.3%,23,86,29.2%,33,22,7.5%,9,37,12.5%,15,295,113
1,47,92,30.7%,35,61,20.3%,23,88,29.3%,34,22,7.3%,9,37,12.3%,14,300,113
1,48,94,30.7%,36,62,20.3%,24,90,29.4%,34,22,7.2%,9,38,12.4%,15,306,114
1,49,96,30.8%,36,63,20.2%,24,92,29.5%,34,23,7.4%,9,38,12.2%,14,312,114
1,50,98,30.8%,36,65,20.4%,24,93,29.2%,34,23,7.2%,9,39,12.3%,15,318,115
1,51,100,31.0%,36,66,20.4%,24,95,29.4%,34,23,7.1%,9,39,12.1%,14,323,115
1,52,102,31.0%,36,67,20.4%,24,97,29.5%,35,23,7.0%,9,40,12.2%,15,329,116
1,53,104,31.0%,37,68,20.3%,24,99,29.6%,35,24,7.2%,9,40,11.9%,14,335,116
1,54,106,31.0%,37,70,20.5%,24,101,29.5%,35,24,7.0%,9,41,12.0%,15,342,117
1,55,108,31.1%,37,71,20.5%,25,103,29.7%,36,24,6.9%,9,41,11.8%,14,347,118
1,56,110,31.3%,37,72,20.5%,25,104,29.5%,35,24,6.8%,9,42,11.9%,15,352,118
1,57,112,31.3%,37,73,20.4%,25,106,29.6%,35,25,7.0%,9,42,11.7%,14,358,118
1,58,114,31.2%,38,75,20.5%,25,108,29.6%,36,25,6.8%,9,43,11.8%,15,365,119
1,59,116,31.4%,38,76,20.5%,25,110,29.7%,36,25,6.8%,9,43,11.6%,14,370,119
1,60,118,31.4%,38,77,20.5%,25,112,29.8%,36,25,6.6%,8,44,11.7%,15,376,120
1,61,120,31.3%,38,79,20.6%,25,114,29.7%,36,26,6.8%,9,45,11.7%,15,384,120
1,62,122,31.4%,38,80,20.6%,25,116,29.8%,37,26,6.7%,9,45,11.6%,14,389,121
1,63,125,31.6%,39,81,20.5%,25,118,29.8%,37,26,6.6%,8,46,11.6%,15,396,121
1,64,127,31.6%,39,83,20.6%,26,120,29.9%,37,26,6.5%,8,46,11.4%,14,402,122
1,65,129,31.5%,39,84,20.5%,26,122,29.8%,37,27,6.6%,9,47,11.5%,15,409,122
1,66,131,31.6%,39,85,20.5%,25,124,29.9%,37,27,6.5%,8,48,11.6%,15,415,122
1,67,133,31.6%,39,87,20.7%,26,126,29.9%,37,27,6.4%,8,48,11.4%,15,421,123
1,68,136,31.8%,40,88,20.6%,26,128,29.9%,38,27,6.3%,8,49,11.4%,15,428,124
1,69,138,31.7%,40,90,20.7%,26,130,29.9%,38,28,6.4%,8,49,11.3%,14,435,124
1,70,140,31.7%,40,91,20.6%,26,132,29.9%,38,28,6.3%,8,50,11.3%,15,441,124
1,71,143,31.9%,40,92,20.5%,26,134,29.9%,38,28,6.3%,8,51,11.4%,15,448,124
1,72,145,31.8%,40,94,20.6%,26,137,30.0%,38,28,6.1%,8,52,11.4%,15,456,125
1,73,148,31.9%,40,96,20.7%,26,139,30.0%,38,28,6.0%,8,53,11.4%,15,464,125
1,74,151,32.0%,41,97,20.6%,26,142,30.1%,38,29,6.1%,8,53,11.2%,15,472,126
1,75,154,32.1%,41,99,20.6%,26,144,30.0%,38,29,6.0%,8,54,11.3%,15,480,126
1,76,157,32.1%,41,101,20.7%,27,147,30.1%,39,29,5.9%,8,55,11.2%,15,489,127
1,77,162,32.3%,42,103,20.6%,27,150,29.9%,39,30,6.0%,8,56,11.2%,15,501,128
1,78,165,32.5%,42,104,20.5%,27,152,30.0%,39,30,5.9%,8,56,11.0%,15,507,128
1,79,170,32.7%,43,106,20.4%,27,157,30.2%,39,30,5.8%,8,57,11.0%,15,520,129
1,80,173,32.6%,43,108,20.4%,27,160,30.2%,40,31,5.8%,8,58,10.9%,15,530,130
2,1,19,20.0%,20,16,16.8%,17,21,22.1%,22,19,20.0%,20,20,21.1%,21,95,96
2,2,20,20.0%,20,17,17.0%,17,22,22.0%,22,20,20.0%,20,21,21.0%,21,100,98
2,3,21,20.6%,20,17,16.7%,16,23,22.5%,22,20,19.6%,19,21,20.6%,20,102,96
2,4,22,20.6%,21,18,16.8%,17,24,22.4%,22,21,19.6%,20,22,20.6%,21,107,98
2,5,23,20.7%,21,18,16.2%,17,25,22.5%,23,22,19.8%,20,23,20.7%,21,111,99
2,6,25,21.6%,22,19,16.4%,17,26,22.4%,23,22,19.0%,19,24,20.7%,21,116,100
2,7,26,21.7%,22,20,16.7%,17,27,22.5%,23,23,19.2%,20,24,20.0%,20,120,100
2,8,27,21.8%,22,20,16.1%,17,28,22.6%,23,24,19.4%,20,25,20.2%,21,124,101
2,9,28,21.9%,23,21,16.4%,17,29,22.7%,23,24,18.8%,19,26,20.3%,21,128,101
2,10,29,22.0%,23,21,15.9%,17,31,23.5%,24,25,18.9%,20,26,19.7%,21,132,102
2,11,30,21.9%,23,22,16.1%,17,32,23.4%,24,26,19.0%,20,27,19.7%,21,137,102
2,12,32,22.5%,24,23,16.2%,17,33,23.2%,25,26,18.3%,20,28,19.7%,21,142,104
2,13,33,22.6%,24,23,15.8%,17,34,23.3%,25,27,18.5%,20,29,19.9%,21,146,104
2,14,34,22.5%,24,24,15.9%,17,35,23.2%,25,28,18.5%,20,30,19.9%,21,151,105
2,15,35,22.6%,24,25,16.1%,17,36,23.2%,25,29,18.7%,20,30,19.4%,21,155,105
2,16,37,23.3%,25,25,15.7%,17,37,23.3%,25,29,18.2%,20,31,19.5%,21,159,105
2,17,38,23.0%,25,26,15.8%,17,39,23.6%,26,30,18.2%,20,32,19.4%,21,165,107
2,18,39,22.9%,25,27,15.9%,17,40,23.5%,26,31,18.2%,20,33,19.4%,21,170,107
2,19,40,22.9%,25,28,16.0%,18,41,23.4%,26,32,18.3%,20,34,19.4%,21,175,108
2,20,42,23.5%,26,28,15.6%,17,42,23.5%,26,32,17.9%,20,35,19.6%,22,179,108
2,21,43,23.4%,26,29,15.8%,18,44,23.9%,27,33,17.9%,20,35,19.0%,21,184,109
2,22,44,23.3%,26,30,15.9%,18,45,23.8%,26,34,18.0%,20,36,19.0%,21,189,109
2,23,46,23.7%,27,30,15.5%,18,46,23.7%,27,35,18.0%,20,37,19.1%,21,194,110
2,24,47,23.6%,26,31,15.6%,18,47,23.6%,26,36,18.1%,20,38,19.1%,22,199,110
2,25,49,23.9%,27,32,15.6%,18,49,23.9%,27,36,17.6%,20,39,19.0%,22,205,112
2,26,50,23.8%,27,33,15.7%,18,50,23.8%,27,37,17.6%,20,40,19.0%,22,210,112
2,27,51,23.8%,27,33,15.4%,18,51,23.8%,27,38,17.8%,20,41,19.2%,22,214,112
2,28,53,24.0%,28,34,15.4%,18,53,24.0%,28,39,17.6%,21,42,19.0%,22,221,114
2,29,54,23.9%,28,35,15.5%,18,54,23.9%,28,40,17.7%,21,43,19.0%,22,226,114
2,30,56,24.2%,28,36,15.6%,18,55,23.8%,28,41,17.7%,21,43,18.6%,22,231,114
2,31,57,24.1%,28,37,15.6%,18,57,24.1%,28,42,17.7%,21,44,18.6%,22,237,115
2,32,58,24.2%,28,37,15.4%,18,58,24.2%,28,42,17.5%,21,45,18.8%,22,240,115
2,33,60,24.4%,29,38,15.4%,18,59,24.0%,28,43,17.5%,21,46,18.7%,22,246,116
2,34,61,24.2%,29,39,15.5%,18,61,24.2%,29,44,17.5%,21,47,18.7%,22,252,116
2,35,63,24.4%,29,40,15.5%,19,62,24.0%,29,45,17.4%,21,48,18.6%,22,258,117
2,36,64,24.2%,29,41,15.5%,19,64,24.2%,29,46,17.4%,21,49,18.6%,22,264,118
2,37,66,24.5%,29,41,15.2%,18,65,24.2%,29,47,17.5%,21,50,18.6%,22,269,118
2,38,67,24.4%,29,42,15.3%,19,67,24.4%,29,48,17.5%,21,51,18.5%,23,275,119
2,39,69,24.6%,30,43,15.3%,19,68,24.2%,29,49,17.4%,21,52,18.5%,23,281,119
2,40,71,24.7%,30,44,15.3%,19,69,24.0%,29,50,17.4%,21,53,18.5%,23,287,120
2,41,72,24.6%,30,45,15.4%,19,71,24.2%,30,51,17.4%,21,54,18.4%,23,293,120
2,42,74,24.7%,30,46,15.4%,19,72,24.1%,30,52,17.4%,22,55,18.4%,23,299,121
2,43,75,24.6%,30,47,15.4%,19,74,24.3%,30,53,17.4%,22,56,18.4%,23,305,122
2,44,77,24.8%,31,47,15.2%,19,75,24.2%,30,54,17.4%,22,57,18.4%,23,310,122
2,45,79,24.8%,31,48,15.1%,19,77,24.2%,30,55,17.3%,22,59,18.6%,23,318,123
2,46,80,24.8%,31,49,15.2%,19,78,24.1%,30,56,17.3%,22,60,18.6%,23,323,123
2,47,82,24.8%,31,50,15.2%,19,80,24.2%,31,57,17.3%,22,61,18.5%,23,330,124
2,48,83,24.7%,31,51,15.2%,19,82,24.4%,31,58,17.3%,22,62,18.5%,24,336,125
2,49,85,24.9%,32,52,15.2%,20,83,24.3%,31,59,17.3%,22,63,18.4%,24,342,125
2,50,87,24.9%,32,53,15.2%,20,85,24.4%,31,60,17.2%,22,64,18.3%,24,349,126
2,51,89,25.1%,32,54,15.2%,20,86,24.2%,31,61,17.2%,22,65,18.3%,24,355,127
2,52,90,24.9%,32,55,15.2%,20,88,24.4%,31,62,17.2%,22,66,18.3%,24,361,127
2,53,92,25.0%,32,56,15.2%,20,90,24.5%,32,63,17.1%,22,67,18.2%,24,368,128
2,54,94,25.1%,33,57,15.2%,20,91,24.3%,32,64,17.1%,23,69,18.4%,24,375,129
2,55,95,24.9%,33,58,15.2%,20,93,24.4%,32,65,17.1%,23,70,18.4%,24,381,129
2,56,97,25.0%,33,59,15.2%,20,95,24.5%,32,66,17.0%,23,71,18.3%,24,388,130
2,57,99,25.1%,33,60,15.2%,20,96,24.4%,32,67,17.0%,23,72,18.3%,24,394,130
2,58,101,25.2%,33,61,15.2%,20,98,24.4%,33,68,17.0%,23,73,18.2%,24,401,131
2,59,102,25.1%,33,62,15.2%,20,100,24.6%,33,69,17.0%,23,74,18.2%,24,407,131
2,60,104,25.1%,34,63,15.2%,21,101,24.4%,33,70,16.9%,23,76,18.4%,25,414,132
2,61,106,25.1%,34,64,15.2%,21,103,24.4%,33,72,17.1%,23,77,18.2%,25,422,132
2,62,108,25.2%,34,65,15.2%,21,105,24.5%,33,73,17.0%,23,78,18.2%,25,429,133
2,63,110,25.3%,34,66,15.2%,21,106,24.4%,33,74,17.0%,23,79,18.2%,25,435,133
2,64,112,25.3%,34,67,15.2%,21,108,24.4%,33,75,17.0%,23,80,18.1%,25,442,134
2,65,113,25.2%,34,68,15.1%,21,110,24.5%,33,76,16.9%,23,82,18.3%,25,449,134
2,66,115,25.2%,35,69,15.1%,21,112,24.6%,34,77,16.9%,23,83,18.2%,25,456,135
2,67,117,25.3%,35,70,15.1%,21,114,24.6%,34,78,16.8%,23,84,18.1%,25,463,135
2,68,119,25.3%,35,71,15.1%,21,115,24.5%,34,80,17.0%,24,85,18.1%,25,470,136
2,69,121,25.3%,35,72,15.1%,21,117,24.5%,34,81,16.9%,24,87,18.2%,25,478,136
2,70,123,25.4%,35,73,15.1%,21,119,24.5%,34,82,16.9%,24,88,18.1%,25,485,137
2,71,125,25.5%,35,74,15.1%,21,120,24.4%,34,83,16.9%,23,89,18.1%,25,491,136
2,72,128,25.5%,35,75,14.9%,21,123,24.5%,34,85,16.9%,24,91,18.1%,25,502,137
2,73,130,25.5%,36,76,14.9%,21,125,24.5%,34,86,16.9%,24,93,18.2%,26,510,138
2,74,133,25.6%,36,78,15.0%,21,127,24.4%,34,88,16.9%,24,94,18.1%,25,520,138
2,75,135,25.6%,36,79,15.0%,21,129,24.4%,34,89,16.9%,24,96,18.2%,26,528,139
2,76,137,25.5%,36,80,14.9%,21,132,24.6%,35,91,16.9%,24,97,18.1%,26,537,139
2,77,140,25.6%,36,82,15.0%,21,134,24.5%,35,92,16.8%,24,99,18.1%,26,547,140
2,78,143,25.7%,37,83,14.9%,22,136,24.4%,35,94,16.9%,24,101,18.1%,26,557,141
2,79,145,25.7%,37,84,14.9%,21,139,24.6%,35,95,16.8%,24,102,18.1%,26,565,141
2,80,148,25.7%,37,86,14.9%,22,141,24.5%,35,97,16.8%,24,104,18.1%,26,576,142
3,1,17,18.9%,18,18,20.0%,19,20,22.2%,21,15,16.7%,16,20,22.2%,21,90,91
3,2,17,18.1%,17,19,20.2%,19,21,22.3%,21,16,17.0%,16,21,22.3%,21,94,92
3,3,18,18.4%,18,21,21.4%,20,22,22.4%,21,16,16.3%,16,21,21.4%,20,98,93
3,4,18,17.6%,17,22,21.6%,21,23,22.5%,21,17,16.7%,16,22,21.6%,21,102,93
3,5,19,17.8%,17,24,22.4%,22,24,22.4%,22,17,15.9%,16,23,21.5%,21,107,95
3,6,19,17.3%,17,25,22.7%,22,25,22.7%,22,18,16.4%,16,23,20.9%,20,110,95
3,7,20,17.4%,17,26,22.6%,22,26,22.6%,22,19,16.5%,16,24,20.9%,21,115,96
3,8,20,16.8%,17,28,23.5%,23,27,22.7%,23,19,16.0%,16,25,21.0%,21,119,97
3,9,21,17.2%,17,29,23.8%,23,27,22.1%,22,20,16.4%,16,25,20.5%,20,122,96
3,10,21,16.7%,17,31,24.6%,24,28,22.2%,22,20,15.9%,16,26,20.6%,21,126,97
3,11,22,16.8%,17,32,24.4%,24,29,22.1%,22,21,16.0%,16,27,20.6%,21,131,98
3,12,22,16.3%,17,34,25.2%,25,30,22.2%,22,22,16.3%,17,27,20.0%,20,135,99
3,13,23,16.5%,17,35,25.2%,25,31,22.3%,23,22,15.8%,16,28,20.1%,20,139,99
3,14,23,16.0%,16,37,25.7%,26,32,22.2%,23,23,16.0%,16,29,20.1%,21,144,100
3,15,24,16.1%,17,38,25.5%,26,34,22.8%,24,24,16.1%,17,29,19.5%,20,149,101
3,16,24,15.7%,16,40,26.1%,27,35,22.9%,24,24,15.7%,16,30,19.6%,20,153,101
3,17,25,15.8%,17,41,25.9%,27,36,22.8%,24,25,15.8%,17,31,19.6%,21,158,102
3,18,25,15.3%,16,43,26.4%,28,37,22.7%,24,26,16.0%,17,32,19.6%,21,163,103
3,19,26,15.5%,17,45,26.8%,28,38,22.6%,24,27,16.1%,17,32,19.0%,20,168,104
3,20,26,15.2%,16,46,26.9%,28,39,22.8%,24,27,15.8%,17,33,19.3%,20,171,103
3,21,27,15.3%,17,48,27.1%,29,40,22.6%,24,28,15.8%,17,34,19.2%,21,177,105
3,22,27,14.8%,16,50,27.5%,29,41,22.5%,24,29,15.9%,17,35,19.2%,21,182,105
3,23,28,15.1%,16,51,27.4%,29,42,22.6%,24,29,15.6%,17,36,19.4%,21,186,105
3,24,28,14.7%,16,53,27.9%,30,43,22.6%,24,30,15.8%,17,36,18.9%,21,190,106
3,25,29,14.8%,16,55,28.1%,31,44,22.4%,25,31,15.8%,17,37,18.9%,21,196,107
3,26,30,14.9%,17,56,27.7%,30,46,22.8%,25,32,15.8%,18,38,18.8%,21,202,108
3,27,30,14.6%,16,58,28.2%,31,47,22.8%,25,32,15.5%,17,39,18.9%,21,206,108
3,28,31,14.6%,16,60,28.3%,31,48,22.6%,25,33,15.6%,17,40,18.9%,21,212,109
3,29,31,14.4%,16,62,28.7%,32,49,22.7%,25,34,15.7%,18,40,18.5%,21,216,109
3,30,32,14.5%,16,63,28.5%,32,50,22.6%,25,35,15.8%,18,41,18.6%,21,221,109
3,31,33,14.5%,17,65,28.5%,32,52,22.8%,26,36,15.8%,18,42,18.4%,21,228,111
3,32,33,14.2%,16,67,28.9%,33,53,22.8%,26,36,15.5%,18,43,18.5%,21,232,111
3,33,34,14.3%,16,69,29.0%,33,54,22.7%,26,37,15.5%,18,44,18.5%,21,238,112
3,34,34,14.0%,16,71,29.2%,33,55,22.6%,26,38,15.6%,18,45,18.5%,21,243,112
3,35,35,14.1%,16,72,28.9%,33,57,22.9%,26,39,15.7%,18,46,18.5%,21,249,113
3,36,36,14.1%,17,74,29.0%,34,58,22.7%,26,40,15.7%,18,47,18.4%,22,255,114
3,37,36,14.0%,16,76,29.5%,34,59,22.9%,26,40,15.5%,18,47,18.2%,21,258,113
3,38,37,14.0%,16,78,29.5%,34,60,22.7%,26,41,15.5%,18,48,18.2%,21,264,114
3,39,38,14.0%,17,80,29.5%,34,62,22.9%,27,42,15.5%,18,49,18.1%,21,271,115
3,40,38,13.8%,16,82,29.7%,35,63,22.8%,27,43,15.6%,18,50,18.1%,21,276,115
3,41,39,13.8%,17,84,29.8%,35,64,22.7%,27,44,15.6%,19,51,18.1%,21,282,116
3,42,40,13.8%,17,86,29.8%,35,66,22.8%,27,45,15.6%,19,52,18.0%,22,289,117
3,43,40,13.6%,16,88,29.9%,36,67,22.8%,27,46,15.6%,19,53,18.0%,22,294,117
3,44,41,13.7%,17,90,30.1%,36,68,22.7%,27,46,15.4%,19,54,18.1%,22,299,118
3,45,42,13.7%,17,92,30.1%,36,70,22.9%,28,47,15.4%,19,55,18.0%,22,306,119
3,46,42,13.5%,17,94,30.2%,36,71,22.8%,28,48,15.4%,19,56,18.0%,22,311,119
3,47,43,13.6%,17,96,30.3%,37,72,22.7%,28,49,15.5%,19,57,18.0%,22,317,119
3,48,44,13.6%,17,98,30.2%,37,74,22.8%,28,50,15.4%,19,58,17.9%,22,324,120
3,49,45,13.6%,17,100,30.3%,37,75,22.7%,28,51,15.5%,19,59,17.9%,22,330,121
3,50,45,13.4%,17,102,30.4%,37,77,22.9%,28,52,15.5%,19,60,17.9%,22,336,121
3,51,46,13.5%,17,104,30.4%,38,78,22.8%,28,53,15.5%,19,61,17.8%,22,342,122
3,52,47,13.5%,17,106,30.5%,38,79,22.7%,28,54,15.5%,19,62,17.8%,22,348,122
3,53,47,13.3%,17,108,30.5%,38,81,22.9%,29,55,15.5%,20,63,17.8%,22,354,123
3,54,48,13.3%,17,110,30.6%,38,82,22.8%,29,56,15.6%,20,64,17.8%,22,360,123
3,55,49,13.4%,17,112,30.5%,39,84,22.9%,29,57,15.5%,20,65,17.7%,23,367,125
3,56,50,13.4%,17,114,30.6%,39,85,22.8%,29,58,15.5%,20,66,17.7%,23,373,125
3,57,50,13.2%,17,117,30.8%,39,87,22.9%,29,59,15.5%,20,67,17.6%,23,380,125
3,58,51,13.2%,17,119,30.8%,39,88,22.8%,29,60,15.5%,20,68,17.6%,23,386,126
3,59,52,13.2%,17,121,30.7%,40,90,22.8%,30,61,15.5%,20,70,17.8%,23,394,127
3,60,53,13.3%,17,123,30.8%,40,91,22.8%,29,62,15.5%,20,71,17.8%,23,400,127
3,61,54,13.3%,17,125,30.7%,40,93,22.9%,30,63,15.5%,20,72,17.7%,23,407,127
3,62,54,13.1%,17,128,31.0%,40,94,22.8%,30,64,15.5%,20,73,17.7%,23,413,128
3,63,55,13.1%,17,130,31.0%,40,96,22.9%,30,65,15.5%,20,74,17.6%,23,420,129
3,64,56,13.1%,17,132,31.0%,40,97,22.8%,30,66,15.5%,20,75,17.6%,23,426,129
3,65,57,13.2%,17,134,30.9%,40,99,22.9%,30,67,15.5%,20,76,17.6%,23,433,129
3,66,58,13.2%,18,137,31.1%,41,101,22.9%,30,68,15.4%,21,77,17.5%,23,441,130
3,67,58,13.0%,17,139,31.2%,41,102,22.9%,30,69,15.5%,21,78,17.5%,23,446,130
3,68,59,13.0%,18,141,31.1%,41,104,22.9%,31,70,15.4%,21,80,17.6%,24,454,131
3,69,60,13.0%,18,144,31.2%,42,105,22.8%,31,71,15.4%,21,81,17.6%,24,461,132
3,70,61,13.0%,18,146,31.2%,42,107,22.9%,31,72,15.4%,21,82,17.5%,24,468,132
3,71,62,13.1%,18,149,31.4%,42,108,22.7%,31,73,15.4%,21,83,17.5%,24,475,132
3,72,63,13.0%,18,152,31.5%,42,110,22.8%,31,74,15.3%,21,84,17.4%,23,483,132
3,73,64,13.0%,18,155,31.5%,42,112,22.8%,31,75,15.2%,21,86,17.5%,24,492,133
3,74,65,13.0%,18,158,31.5%,42,114,22.8%,31,77,15.4%,21,87,17.4%,24,501,133
3,75,66,12.9%,18,161,31.6%,43,116,22.7%,31,78,15.3%,21,89,17.5%,24,510,134
3,76,67,12.9%,18,164,31.7%,43,118,22.8%,31,79,15.3%,21,90,17.4%,24,518,134
3,77,68,12.9%,18,167,31.6%,43,120,22.7%,31,81,15.3%,21,92,17.4%,24,528,135
3,78,69,12.8%,18,171,31.7%,44,122,22.6%,31,84,15.6%,22,93,17.3%,24,539,136
3,79,70,12.8%,18,174,31.8%,44,124,22.6%,31,85,15.5%,22,95,17.3%,24,548,136
3,80,71,12.7%,18,177,31.8%,44,126,22.6%,31,87,15.6%,22,96,17.2%,24,557,137
4,1,16,17.8%,17,19,21.1%,20,20,22.2%,21,16,17.8%,17,19,21.1%,20,90,91
4,2,17,18.3%,17,20,21.5%,20,21,22.6%,21,16,17.2%,16,19,20.4%,19,93,91
4,3,18,18.6%,18,22,22.7%,21,21,21.6%,20,16,16.5%,16,20,20.6%,19,97,92
4,4,18,18.2%,17,23,23.2%,22,22,22.2%,21,16,16.2%,15,20,20.2%,19,99,91
4,5,19,18.3%,17,25,24.0%,23,23,22.1%,21,17,16.3%,16,20,19.2%,18,104,92
4,6,20,18.5%,18,26,24.1%,23,24,22.2%,21,17,15.7%,15,21,19.4%,19,108,93
4,7,21,18.9%,18,28,25.2%,24,24,21.6%,21,17,15.3%,15,21,18.9%,18,111,93
4,8,22,19.1%,18,29,25.2%,24,25,21.7%,21,17,14.8%,14,22,19.1%,18,115,93
4,9,22,18.6%,18,31,26.3%,25,26,22.0%,21,17,14.4%,14,22,18.6%,18,118,93
4,10,23,19.0%,18,32,26.4%,25,26,21.5%,20,18,14.9%,14,22,18.2%,17,121,93
4,11,24,19.0%,18,34,27.0%,26,27,21.4%,21,18,14.3%,14,23,18.3%,18,126,94
4,12,25,19.2%,19,36,27.7%,27,28,21.5%,21,18,13.8%,14,23,17.7%,17,130,95
4,13,26,19.4%,19,37,27.6%,27,29,21.6%,21,18,13.4%,13,24,17.9%,18,134,95
4,14,27,19.6%,19,39,28.3%,28,30,21.7%,21,18,13.0%,13,24,17.4%,17,138,96
4,15,28,19.7%,19,40,28.2%,28,30,21.1%,21,19,13.4%,13,25,17.6%,17,142,96
4,16,28,19.3%,19,42,29.0%,28,31,21.4%,21,19,13.1%,13,25,17.2%,17,145,96
4,17,29,19.5%,19,44,29.5%,29,32,21.5%,21,19,12.8%,13,25,16.8%,17,149,96
4,18,30,19.6%,20,45,29.4%,29,33,21.6%,21,19,12.4%,13,26,17.0%,17,153,97
4,19,31,19.7%,20,47,29.9%,30,34,21.7%,22,19,12.1%,12,26,16.6%,17,157,97
4,20,32,19.6%,20,49,30.1%,30,35,21.5%,22,20,12.3%,13,27,16.6%,17,163,99
4,21,33,19.9%,20,51,30.7%,31,35,21.1%,21,20,12.0%,12,27,16.3%,16,166,98
4,22,34,20.0%,20,52,30.6%,30,36,21.2%,21,20,11.8%,12,28,16.5%,17,170,98
4,23,35,20.1%,20,54,31.0%,31,37,21.3%,22,20,11.5%,12,28,16.1%,16,174,99
4,24,36,20.1%,20,56,31.3%,31,38,21.2%,22,20,11.2%,12,29,16.2%,17,179,99
4,25,37,20.1%,21,58,31.5%,32,39,21.2%,22,21,11.4%,12,29,15.8%,16,184,100
4,26,38,20.2%,21,59,31.4%,32,40,21.3%,22,21,11.2%,12,30,16.0%,16,188,100
4,27,39,20.3%,21,61,31.8%,33,41,21.4%,22,21,10.9%,12,30,15.6%,16,192,101
4,28,40,20.3%,21,63,32.0%,33,42,21.3%,22,21,10.7%,11,31,15.7%,16,197,101
4,29,41,20.3%,21,65,32.2%,33,43,21.3%,22,22,10.9%,12,31,15.3%,16,202,102
4,30,42,20.4%,21,67,32.5%,34,43,20.9%,22,22,10.7%,11,32,15.5%,16,206,102
4,31,43,20.5%,21,69,32.9%,34,44,21.0%,22,22,10.5%,11,32,15.2%,16,210,102
4,32,44,20.5%,22,71,33.0%,35,45,20.9%,22,22,10.2%,11,33,15.3%,16,215,103
4,33,45,20.5%,22,72,32.9%,34,46,21.0%,22,23,10.5%,11,33,15.1%,16,219,103
4,34,46,20.5%,22,74,33.0%,35,47,21.0%,22,23,10.3%,11,34,15.2%,16,224,103
4,35,47,20.6%,22,76,33.3%,35,48,21.1%,22,23,10.1%,11,34,14.9%,16,228,104
4,36,48,20.5%,22,78,33.3%,35,49,20.9%,22,24,10.3%,11,35,15.0%,16,234,104
4,37,49,20.6%,22,80,33.6%,36,50,21.0%,23,24,10.1%,11,35,14.7%,16,238,105
4,38,50,20.6%,22,82,33.7%,36,51,21.0%,23,24,9.9%,11,36,14.8%,16,243,105
4,39,51,20.6%,22,84,33.9%,36,52,21.0%,23,24,9.7%,11,37,14.9%,16,248,105
4,40,53,20.9%,23,86,33.9%,36,53,20.9%,23,25,9.8%,11,37,14.6%,16,254,106
4,41,54,20.8%,23,88,34.0%,37,54,20.8%,23,25,9.7%,11,38,14.7%,16,259,107
4,42,55,20.9%,23,90,34.2%,37,55,20.9%,23,25,9.5%,11,38,14.4%,16,263,107
4,43,56,20.8%,23,92,34.2%,37,56,20.8%,23,26,9.7%,11,39,14.5%,16,269,108
4,44,57,20.8%,23,95,34.7%,38,57,20.8%,23,26,9.5%,11,39,14.2%,16,274,108
4,45,58,20.7%,23,97,34.6%,38,59,21.1%,23,26,9.3%,11,40,14.3%,16,280,108
4,46,59,20.6%,23,99,34.6%,38,60,21.0%,23,27,9.4%,11,41,14.3%,16,286,109
4,47,61,21.0%,24,101,34.7%,39,61,21.0%,24,27,9.3%,11,41,14.1%,16,291,110
4,48,62,20.9%,24,103,34.8%,39,62,20.9%,24,27,9.1%,11,42,14.2%,16,296,110
4,49,63,20.9%,24,105,34.9%,39,63,20.9%,24,27,9.0%,10,43,14.3%,16,301,110
4,50,64,20.9%,24,107,35.0%,39,64,20.9%,24,28,9.2%,11,43,14.1%,16,306,111
4,51,65,20.8%,24,110,35.3%,40,65,20.8%,24,28,9.0%,10,44,14.1%,16,312,111
4,52,67,21.1%,24,112,35.3%,40,66,20.8%,24,28,8.8%,10,44,13.9%,16,317,112
4,53,68,21.1%,24,114,35.3%,40,67,20.7%,24,29,9.0%,11,45,13.9%,16,323,112
4,54,69,21.0%,24,116,35.3%,40,69,21.0%,24,29,8.8%,10,46,14.0%,16,329,113
4,55,70,21.0%,24,118,35.4%,41,70,21.0%,24,29,8.7%,10,46,13.8%,16,333,113
4,56,72,21.1%,25,121,35.5%,41,71,20.8%,24,30,8.8%,11,47,13.8%,16,341,114
4,57,73,21.1%,25,123,35.5%,41,72,20.8%,24,30,8.7%,10,48,13.9%,16,346,114
4,58,74,21.1%,25,125,35.7%,41,73,20.9%,24,30,8.6%,10,48,13.7%,16,350,114
4,59,75,21.0%,25,128,35.9%,42,74,20.7%,24,31,8.7%,10,49,13.7%,16,357,115
4,60,77,21.2%,25,130,35.7%,42,76,20.9%,25,31,8.5%,10,50,13.7%,16,364,116
4,61,78,21.1%,25,132,35.7%,42,77,20.8%,25,32,8.6%,11,51,13.8%,16,370,116
4,62,79,21.1%,25,135,36.0%,42,78,20.8%,25,32,8.5%,10,51,13.6%,16,375,116
4,63,81,21.3%,25,137,36.0%,43,79,20.7%,25,32,8.4%,10,52,13.6%,16,381,117
4,64,82,21.2%,25,139,35.9%,43,80,20.7%,25,33,8.5%,10,53,13.7%,17,387,117
4,65,83,21.1%,25,142,36.1%,43,82,20.9%,25,33,8.4%,10,53,13.5%,16,393,117
4,66,85,21.3%,26,144,36.1%,43,83,20.8%,25,33,8.3%,10,54,13.5%,16,399,118
4,67,86,21.2%,26,147,36.2%,44,84,20.7%,25,34,8.4%,10,55,13.5%,17,406,119
4,68,87,21.2%,26,149,36.3%,44,85,20.7%,25,34,8.3%,10,56,13.6%,17,411,119
4,69,89,21.2%,26,152,36.3%,44,87,20.8%,25,35,8.4%,11,56,13.4%,17,419,120
4,70,90,21.2%,26,154,36.3%,44,88,20.8%,25,35,8.3%,10,57,13.4%,17,424,120
4,71,92,21.4%,26,157,36.5%,44,88,20.5%,25,35,8.1%,10,58,13.5%,17,430,119
4,72,94,21.5%,26,160,36.5%,44,90,20.5%,25,36,8.2%,10,58,13.2%,16,438,120
4,73,95,21.3%,26,163,36.6%,44,92,20.7%,25,36,8.1%,10,59,13.3%,16,445,120
4,74,97,21.4%,26,166,36.6%,45,93,20.5%,25,37,8.2%,10,60,13.2%,17,453,121
4,75,99,21.5%,26,169,36.7%,45,95,20.6%,25,37,8.0%,10,61,13.2%,17,461,121
4,76,100,21.4%,26,172,36.8%,45,96,20.6%,25,37,7.9%,10,62,13.3%,17,467,121
4,77,102,21.4%,27,175,36.7%,45,99,20.8%,26,38,8.0%,10,63,13.2%,17,477,122
4,78,104,21.4%,27,179,36.8%,46,101,20.8%,26,38,7.8%,10,64,13.2%,17,486,123
4,79,106,21.5%,27,182,36.8%,46,102,20.6%,26,39,7.9%,10,65,13.2%,17,494,123
4,80,108,21.5%,27,185,36.9%,46,104,20.7%,26,39,7.8%,10,66,13.1%,17,502,123
5,1,17,18.5%,18,16,17.4%,17,19,20.7%,20,18,19.6%,19,22,23.9%,23,92,93
5,2,17,18.1%,17,16,17.0%,16,19,20.2%,19,19,20.2%,19,23,24.5%,23,94,92
5,3,17,17.2%,16,16,16.2%,16,20,20.2%,19,21,21.2%,20,25,25.3%,24,99,93
5,4,17,16.7%,16,17,16.7%,16,20,19.6%,19,22,21.6%,21,26,25.5%,24,102,93
5,5,18,17.1%,16,17,16.2%,16,20,19.0%,18,23,21.9%,21,27,25.7%,24,105,93
5,6,18,16.4%,16,17,15.5%,15,21,19.1%,19,25,22.7%,22,29,26.4%,26,110,95
5,7,18,16.1%,16,17,15.2%,15,21,18.8%,18,26,23.2%,22,30,26.8%,26,112,94
5,8,18,15.4%,15,18,15.4%,15,22,18.8%,18,27,23.1%,22,32,27.4%,26,117,95
5,9,18,15.0%,15,18,15.0%,15,22,18.3%,18,29,24.2%,23,33,27.5%,27,120,95
5,10,19,15.3%,15,18,14.5%,14,22,17.7%,17,30,24.2%,23,35,28.2%,27,124,95
5,11,19,14.8%,15,18,14.1%,14,23,18.0%,18,32,25.0%,24,36,28.1%,27,128,96
5,12,19,14.4%,14,19,14.4%,14,23,17.4%,17,33,25.0%,25,38,28.8%,28,132,97
5,13,19,14.0%,14,19,14.0%,14,24,17.6%,18,35,25.7%,25,39,28.7%,28,136,97
5,14,19,13.7%,14,19,13.7%,14,24,17.3%,17,36,25.9%,26,41,29.5%,29,139,97
5,15,19,13.3%,13,19,13.3%,13,25,17.5%,17,38,26.6%,26,42,29.4%,29,143,97
5,16,20,13.5%,14,20,13.5%,14,25,16.9%,17,39,26.4%,26,44,29.7%,30,148,98
5,17,20,13.2%,13,20,13.2%,13,25,16.6%,17,41,27.2%,27,45,29.8%,30,151,98
5,18,20,12.9%,13,20,12.9%,13,26,16.8%,17,42,27.1%,27,47,30.3%,30,155,98
5,19,20,12.5%,13,21,13.1%,13,26,16.3%,17,44,27.5%,28,49,30.6%,31,160,99
5,20,21,12.8%,13,21,12.8%,13,27,16.5%,17,45,27.4%,28,50,30.5%,31,164,99
5,21,21,12.5%,13,21,12.5%,13,27,16.1%,16,47,28.0%,28,52,31.0%,31,168,99
5,22,21,12.2%,13,22,12.8%,13,28,16.3%,17,48,27.9%,28,53,30.8%,31,172,99
5,23,21,11.9%,12,22,12.5%,13,28,15.9%,16,50,28.4%,29,55,31.3%,32,176,100
5,24,21,11.6%,12,22,12.2%,13,29,16.0%,17,52,28.7%,30,57,31.5%,32,181,101
5,25,22,12.0%,12,22,12.0%,12,29,15.8%,16,53,28.8%,29,58,31.5%,32,184,100
5,26,22,11.6%,12,23,12.1%,13,30,15.8%,16,55,28.9%,30,60,31.6%,32,190,101
5,27,22,11.4%,12,23,11.9%,13,30,15.5%,16,56,29.0%,30,62,32.1%,33,193,101
5,28,22,11.1%,12,23,11.6%,12,31,15.7%,16,58,29.3%,30,64,32.3%,33,198,102
5,29,23,11.3%,12,24,11.8%,13,31,15.3%,16,60,29.6%,31,65,32.0%,33,203,102
5,30,23,11.1%,12,24,11.5%,12,32,15.4%,16,62,29.8%,31,67,32.2%,34,208,103
5,31,23,10.9%,12,24,11.4%,12,32,15.2%,16,63,29.9%,31,69,32.7%,34,211,102
5,32,23,10.6%,12,25,11.5%,12,33,15.2%,16,65,30.0%,32,71,32.7%,35,217,104
5,33,24,10.9%,12,25,11.3%,12,33,14.9%,16,67,30.3%,32,72,32.6%,34,221,104
5,34,24,10.6%,12,26,11.5%,12,34,15.0%,16,68,30.1%,32,74,32.7%,35,226,104
5,35,24,10.4%,11,26,11.3%,12,34,14.8%,16,70,30.4%,32,76,33.0%,35,230,104
5,36,24,10.2%,11,26,11.1%,12,35,14.9%,16,72,30.6%,33,78,33.2%,35,235,105
5,37,25,10.4%,11,27,11.2%,12,35,14.5%,16,74,30.7%,33,80,33.2%,36,241,106
5,38,25,10.2%,11,27,11.0%,12,36,14.6%,16,76,30.9%,33,82,33.3%,36,246,106
5,39,25,10.0%,11,27,10.8%,12,37,14.8%,16,77,30.8%,33,84,33.6%,36,250,106
5,40,26,10.2%,11,28,10.9%,12,37,14.5%,16,79,30.9%,34,86,33.6%,36,256,107
5,41,26,10.0%,11,28,10.7%,12,38,14.6%,16,81,31.0%,34,88,33.7%,37,261,107
5,42,26,9.8%,11,29,10.9%,12,38,14.3%,16,83,31.3%,34,89,33.6%,37,265,108
5,43,27,10.0%,11,29,10.7%,12,39,14.4%,16,85,31.4%,34,91,33.6%,37,271,108
5,44,27,9.8%,11,29,10.5%,12,39,14.2%,16,87,31.6%,35,93,33.8%,37,275,108
5,45,27,9.6%,11,30,10.7%,12,40,14.2%,16,89,31.7%,35,95,33.8%,37,281,109
5,46,27,9.4%,11,30,10.5%,12,41,14.3%,16,91,31.8%,35,97,33.9%,37,286,109
5,47,28,9.6%,11,30,10.3%,12,41,14.1%,16,93,32.0%,36,99,34.0%,38,291,110
5,48,28,9.5%,11,31,10.5%,12,42,14.2%,16,94,31.8%,35,101,34.1%,38,296,110
5,49,28,9.3%,11,31,10.3%,12,43,14.3%,16,96,31.9%,36,103,34.2%,38,301,110
5,50,29,9.4%,11,32,10.4%,12,43,14.0%,16,98,31.8%,36,106,34.4%,39,308,111
5,51,29,9.3%,11,32,10.2%,12,44,14.1%,16,100,31.9%,36,108,34.5%,39,313,112
5,52,29,9.1%,11,33,10.4%,12,44,13.8%,16,102,32.1%,36,110,34.6%,39,318,112
5,53,30,9.3%,11,33,10.2%,12,45,13.9%,16,104,32.1%,37,112,34.6%,40,324,113
5,54,30,9.1%,11,33,10.0%,12,46,14.0%,16,106,32.2%,37,114,34.7%,40,329,113
5,55,30,9.0%,11,34,10.1%,12,46,13.7%,16,109,32.5%,38,116,34.6%,40,335,114
5,56,31,9.1%,11,34,10.0%,12,47,13.8%,16,111,32.6%,38,118,34.6%,40,341,114
5,57,31,8.9%,11,35,10.1%,12,48,13.8%,16,113,32.6%,38,120,34.6%,40,347,115
5,58,31,8.8%,11,35,9.9%,12,48,13.6%,16,115,32.7%,38,123,34.9%,41,352,115
5,59,32,8.9%,11,36,10.0%,12,49,13.6%,16,117,32.6%,38,125,34.8%,41,359,115
5,60,32,8.8%,11,36,9.9%,12,50,13.7%,16,119,32.7%,38,127,34.9%,41,364,116
5,61,33,8.9%,11,37,10.0%,12,51,13.7%,16,121,32.6%,38,129,34.8%,41,371,116
5,62,33,8.8%,11,37,9.9%,12,51,13.6%,16,123,32.8%,39,131,34.9%,41,375,116
5,63,33,8.6%,11,38,9.9%,12,52,13.6%,16,125,32.7%,39,134,35.1%,42,382,117
5,64,34,8.7%,11,38,9.8%,12,53,13.6%,17,128,32.9%,39,136,35.0%,42,389,118
5,65,34,8.6%,11,39,9.9%,12,53,13.5%,16,130,33.0%,39,138,35.0%,42,394,118
5,66,34,8.5%,11,39,9.8%,12,54,13.5%,16,132,33.0%,39,141,35.3%,42,400,118
5,67,35,8.6%,11,40,9.8%,12,55,13.5%,17,134,32.9%,40,143,35.1%,42,407,119
5,68,35,8.5%,11,40,9.7%,12,56,13.6%,17,136,33.0%,40,145,35.2%,42,412,119
5,69,36,8.6%,11,40,9.5%,12,56,13.4%,17,139,33.2%,40,148,35.3%,43,419,120
5,70,36,8.5%,11,41,9.6%,12,57,13.4%,17,141,33.2%,40,150,35.3%,43,425,120
5,71,36,8.3%,10,42,9.7%,12,57,13.2%,16,144,33.3%,40,153,35.4%,43,432,120
5,72,37,8.4%,11,42,9.6%,12,57,13.0%,16,147,33.5%,41,156,35.5%,43,439,120
5,73,37,8.3%,11,43,9.6%,12,58,13.0%,16,150,33.6%,41,159,35.6%,44,447,121
5,74,38,8.4%,11,43,9.5%,12,59,13.0%,16,152,33.4%,41,163,35.8%,44,455,121
5,75,38,8.2%,10,44,9.5%,12,60,13.0%,16,155,33.5%,41,165,35.7%,44,462,121
5,76,38,8.1%,10,45,9.6%,12,61,13.0%,16,158,33.5%,41,169,35.9%,44,471,122
5,77,39,8.1%,10,45,9.4%,12,62,12.9%,16,161,33.6%,42,172,35.9%,44,479,122
5,78,39,8.0%,10,46,9.5%,12,63,13.0%,16,164,33.7%,42,174,35.8%,45,486,123
5,79,40,8.1%,10,46,9.3%,12,64,13.0%,16,167,33.8%,42,177,35.8%,45,494,123
5,80,40,8.0%,10,47,9.4%,12,65,12.9%,16,170,33.9%,42,180,35.9%,45,502,123
6,1,18,20.5%,19,15,17.0%,16,21,23.9%,22,15,17.0%,16,19,21.6%,20,88,89
6,2,19,20.9%,19,16,17.6%,16,22,24.2%,22,15,16.5%,15,19,20.9%,19,91,89
6,3,21,21.9%,20,17,17.7%,17,23,24.0%,22,15,15.6%,15,20,20.8%,19,96,91
6,4,22,22.2%,21,17,17.2%,16,25,25.3%,23,15,15.2%,14,20,20.2%,19,99,91
6,5,23,22.5%,21,18,17.6%,17,26,25.5%,24,15,14.7%,14,20,19.6%,18,102,91
6,6,25,23.6%,22,19,17.9%,17,27,25.5%,24,15,14.2%,13,20,18.9%,18,106,91
6,7,26,23.4%,22,20,18.0%,17,28,25.2%,24,16,14.4%,14,21,18.9%,18,111,93
6,8,27,23.7%,23,21,18.4%,18,29,25.4%,24,16,14.0%,14,21,18.4%,18,114,93
6,9,29,24.4%,23,22,18.5%,18,31,26.1%,25,16,13.4%,13,21,17.6%,17,119,94
6,10,30,24.6%,24,22,18.0%,17,32,26.2%,25,16,13.1%,13,22,18.0%,17,122,94
6,11,32,25.4%,24,23,18.3%,18,33,26.2%,25,16,12.7%,12,22,17.5%,17,126,94
6,12,33,25.6%,25,24,18.6%,18,34,26.4%,25,16,12.4%,12,22,17.1%,17,129,94
6,13,34,25.4%,25,25,18.7%,18,36,26.9%,26,16,11.9%,12,23,17.2%,17,134,95
6,14,36,26.1%,26,26,18.8%,19,37,26.8%,26,16,11.6%,12,23,16.7%,16,138,96
6,15,37,26.1%,26,27,19.0%,19,38,26.8%,26,17,12.0%,12,23,16.2%,16,142,96
6,16,39,26.4%,26,28,18.9%,19,40,27.0%,27,17,11.5%,12,24,16.2%,16,148,98
6,17,40,26.5%,26,29,19.2%,19,41,27.2%,27,17,11.3%,12,24,15.9%,16,151,98
6,18,42,26.9%,27,30,19.2%,20,43,27.6%,28,17,10.9%,11,24,15.4%,16,156,99
6,19,43,26.9%,27,31,19.4%,20,44,27.5%,28,17,10.6%,11,25,15.6%,16,160,99
6,20,45,27.4%,28,32,19.5%,20,45,27.4%,28,17,10.4%,11,25,15.2%,16,164,99
6,21,47,27.6%,28,33,19.4%,20,47,27.6%,28,17,10.0%,10,26,15.3%,16,170,100
6,22,48,27.6%,28,34,19.5%,20,48,27.6%,28,18,10.3%,11,26,14.9%,16,174,101
6,23,50,27.9%,29,35,19.6%,20,50,27.9%,29,18,10.1%,11,26,14.5%,15,179,101
6,24,51,27.9%,29,36,19.7%,21,51,27.9%,29,18,9.8%,11,27,14.8%,16,183,102
6,25,53,28.3%,29,37,19.8%,21,52,27.8%,29,18,9.6%,10,27,14.4%,15,187,102
6,26,55,28.6%,30,38,19.8%,21,54,28.1%,29,18,9.4%,10,27,14.1%,15,192,102
6,27,56,28.6%,30,39,19.9%,21,55,28.1%,29,18,9.2%,10,28,14.3%,15,196,103
6,28,58,28.9%,30,40,19.9%,21,57,28.4%,30,18,9.0%,10,28,13.9%,15,201,103
6,29,59,28.6%,30,41,19.9%,21,58,28.2%,30,19,9.2%,10,29,14.1%,15,206,104
6,30,61,28.9%,31,42,19.9%,21,60,28.4%,30,19,9.0%,10,29,13.7%,15,211,104
6,31,63,29.0%,31,43,19.8%,21,62,28.6%,30,19,8.8%,10,30,13.8%,15,217,105
6,32,65,29.4%,32,44,19.9%,22,63,28.5%,31,19,8.6%,10,30,13.6%,15,221,106
6,33,66,29.3%,32,45,20.0%,22,65,28.9%,31,19,8.4%,9,30,13.3%,15,225,106
6,34,68,29.4%,32,46,19.9%,22,66,28.6%,31,20,8.7%,10,31,13.4%,15,231,107
6,35,70,29.7%,32,47,19.9%,22,68,28.8%,31,20,8.5%,10,31,13.1%,15,236,107
6,36,72,29.9%,32,48,19.9%,22,69,28.6%,31,20,8.3%,9,32,13.3%,15,241,107
6,37,73,29.8%,33,49,20.0%,22,71,29.0%,32,20,8.2%,9,32,13.1%,15,245,108
6,38,75,29.9%,33,50,19.9%,22,73,29.1%,32,20,8.0%,9,33,13.1%,15,251,108
6,39,77,30.1%,33,51,19.9%,22,74,28.9%,32,21,8.2%,9,33,12.9%,15,256,109
6,40,79,30.0%,34,53,20.2%,23,76,28.9%,32,21,8.0%,9,34,12.9%,15,263,110
6,41,81,30.2%,34,54,20.1%,23,78,29.1%,33,21,7.8%,9,34,12.7%,14,268,110
6,42,82,30.1%,34,55,20.2%,23,79,29.0%,32,21,7.7%,9,35,12.9%,15,272,110
6,43,84,30.3%,34,56,20.2%,23,81,29.2%,33,21,7.6%,9,35,12.6%,15,277,111
6,44,86,30.3%,34,57,20.1%,23,83,29.2%,33,22,7.7%,9,36,12.7%,15,284,112
6,45,88,30.4%,35,58,20.1%,23,85,29.4%,33,22,7.6%,9,36,12.5%,14,289,112
6,46,90,30.5%,35,60,20.3%,23,86,29.2%,33,22,7.5%,9,37,12.5%,15,295,113
6,47,92,30.8%,35,60,20.1%,23,88,29.4%,34,22,7.4%,9,37,12.4%,14,299,113
6,48,94,30.8%,35,61,20.0%,23,90,29.5%,34,22,7.2%,9,38,12.5%,15,305,113
6,49,96,30.9%,36,62,19.9%,23,92,29.6%,34,23,7.4%,9,38,12.2%,14,311,114
6,50,98,31.0%,36,63,19.9%,23,93,29.4%,34,23,7.3%,9,39,12.3%,15,316,114
6,51,99,31.1%,36,64,20.1%,23,93,29.2%,34,23,7.2%,9,39,12.3%,14,318,113
6,52,100,31.0%,36,65,20.1%,23,95,29.4%,34,23,7.1%,9,40,12.4%,15,323,114
6,53,101,30.9%,36,66,20.2%,24,96,29.4%,34,24,7.3%,9,40,12.2%,14,327,114
6,54,102,30.8%,36,67,20.2%,24,97,29.3%,34,24,7.3%,9,41,12.4%,15,331,114
6,55,103,30.9%,35,68,20.4%,24,97,29.1%,33,24,7.2%,9,41,12.3%,14,333,113
6,56,106,31.0%,36,70,20.5%,24,100,29.2%,34,24,7.0%,8,42,12.3%,14,342,114
6,57,111,31.7%,37,71,20.3%,24,102,29.1%,34,24,6.9%,8,42,12.0%,14,350,116
6,58,113,31.7%,37,72,20.2%,24,104,29.1%,34,25,7.0%,9,43,12.0%,14,357,116
6,59,115,31.7%,38,74,20.4%,24,106,29.2%,35,25,6.9%,9,43,11.8%,14,363,117
6,60,118,31.9%,38,75,20.3%,24,108,29.2%,35,25,6.8%,8,44,11.9%,15,370,118
6,61,119,31.7%,38,76,20.3%,24,110,29.3%,35,25,6.7%,8,45,12.0%,15,375,117
6,62,121,31.8%,38,78,20.5%,25,112,29.4%,35,25,6.6%,8,45,11.8%,14,381,118
6,63,124,31.8%,38,79,20.3%,25,115,29.5%,36,26,6.7%,8,46,11.8%,15,390,119
6,64,127,32.0%,39,81,20.4%,25,117,29.5%,36,26,6.5%,8,46,11.6%,14,397,120
6,65,133,32.7%,40,82,20.1%,25,119,29.2%,36,26,6.4%,8,47,11.5%,15,407,122
6,66,135,32.5%,40,84,20.2%,25,122,29.4%,36,26,6.3%,8,48,11.6%,15,415,122
6,67,136,32.4%,40,85,20.2%,25,124,29.5%,37,27,6.4%,8,48,11.4%,15,420,123
6,68,137,32.2%,40,87,20.4%,26,126,29.6%,37,27,6.3%,8,49,11.5%,15,426,123
6,69,140,32.3%,40,88,20.3%,26,129,29.7%,37,27,6.2%,8,50,11.5%,15,434,124
6,70,145,32.7%,41,90,20.3%,26,131,29.6%,37,27,6.1%,8,50,11.3%,15,443,125
6,71,148,32.7%,42,92,20.3%,26,134,29.6%,38,28,6.2%,8,51,11.3%,15,453,126
6,72,150,32.7%,42,93,20.3%,26,136,29.6%,38,28,6.1%,8,52,11.3%,15,459,126
6,73,153,32.7%,42,95,20.3%,26,139,29.7%,38,28,6.0%,8,53,11.3%,15,468,126
6,74,154,32.6%,42,97,20.5%,26,141,29.8%,38,28,5.9%,8,53,11.2%,15,473,126
6,75,155,32.3%,41,98,20.4%,26,144,30.0%,38,29,6.0%,8,54,11.3%,15,480,126
6,76,158,32.4%,42,100,20.5%,27,146,29.9%,38,29,5.9%,8,55,11.3%,15,488,127
6,77,161,32.4%,42,102,20.5%,27,149,30.0%,39,29,5.8%,8,56,11.3%,15,497,127
6,78,164,32.5%,42,103,20.4%,26,152,30.2%,39,29,5.8%,8,56,11.1%,15,504,127
6,79,167,32.5%,42,105,20.4%,27,155,30.2%,39,30,5.8%,8,57,11.1%,15,514,128
6,80,170,32.5%,42,107,20.5%,27,158,30.2%,39,30,5.7%,8,58,11.1%,15,523,129
7,1,22,22.9%,23,15,15.6%,16,20,20.8%,21,16,16.7%,17,23,24.0%,24,96,97
7,2,23,23.0%,23,15,15.0%,15,21,21.0%,21,17,17.0%,17,24,24.0%,24,100,98
7,3,24,22.9%,23,16,15.2%,16,22,21.0%,21,18,17.1%,17,25,23.8%,24,105,99
7,4,25,22.9%,23,16,14.7%,15,23,21.1%,22,19,17.4%,18,26,23.9%,24,109,100
7,5,25,22.1%,23,17,15.0%,16,24,21.2%,22,20,17.7%,18,27,23.9%,24,113,100
7,6,26,22.2%,23,17,14.5%,15,25,21.4%,22,21,17.9%,19,28,23.9%,25,117,101
7,7,27,22.1%,23,18,14.8%,16,26,21.3%,22,22,18.0%,19,29,23.8%,25,122,102
7,8,28,22.2%,23,18,14.3%,15,27,21.4%,22,23,18.3%,19,30,23.8%,25,126,102
7,9,29,22.1%,23,19,14.5%,15,28,21.4%,23,24,18.3%,19,31,23.7%,25,131,103
7,10,30,22.1%,24,19,14.0%,15,29,21.3%,23,25,18.4%,20,33,24.3%,26,136,105
7,11,31,22.0%,24,20,14.2%,15,30,21.3%,23,26,18.4%,20,34,24.1%,26,141,105
7,12,32,22.1%,24,20,13.8%,15,31,21.4%,23,27,18.6%,20,35,24.1%,26,145,106
7,13,33,22.0%,24,21,14.0%,15,32,21.3%,23,28,18.7%,20,36,24.0%,26,150,107
7,14,34,22.1%,24,21,13.6%,15,33,21.4%,23,29,18.8%,21,37,24.0%,26,154,107
7,15,34,21.4%,24,22,13.8%,15,35,22.0%,24,30,18.9%,21,38,23.9%,26,159,108
7,16,35,21.5%,24,22,13.5%,15,36,22.1%,24,31,19.0%,21,39,23.9%,26,163,108
7,17,36,21.3%,24,23,13.6%,15,37,21.9%,24,32,18.9%,21,41,24.3%,27,169,109
7,18,37,21.4%,24,23,13.3%,15,38,22.0%,24,33,19.1%,21,42,24.3%,27,173,109
7,19,38,21.3%,24,24,13.5%,15,39,21.9%,25,34,19.1%,22,43,24.2%,27,178,110
7,20,39,21.4%,24,24,13.2%,15,40,22.0%,25,35,19.2%,22,44,24.2%,27,182,110
7,21,40,21.4%,24,25,13.4%,15,41,21.9%,25,36,19.3%,22,45,24.1%,27,187,110
7,22,41,21.2%,24,25,13.0%,15,43,22.3%,25,37,19.2%,22,47,24.4%,28,193,112
7,23,43,21.6%,25,26,13.1%,15,44,22.1%,25,38,19.1%,22,48,24.1%,28,199,113
7,24,44,21.5%,25,27,13.2%,16,45,22.0%,26,40,19.5%,23,49,23.9%,28,205,114
7,25,45,21.4%,25,27,12.9%,15,46,21.9%,25,41,19.5%,23,51,24.3%,28,210,114
7,26,46,21.4%,25,28,13.0%,15,47,21.9%,26,42,19.5%,23,52,24.2%,28,215,115
7,27,47,21.4%,25,28,12.7%,15,49,22.3%,26,43,19.5%,23,53,24.1%,28,220,115
7,28,48,21.3%,25,29,12.9%,15,50,22.2%,26,44,19.6%,23,54,24.0%,28,225,116
7,29,49,21.3%,25,29,12.6%,15,51,22.2%,26,45,19.6%,23,56,24.3%,29,230,116
7,30,50,21.1%,25,30,12.7%,15,53,22.4%,27,47,19.8%,24,57,24.1%,29,237,117
7,31,51,21.0%,25,31,12.8%,16,54,22.2%,27,48,19.8%,24,59,24.3%,29,243,118
7,32,52,21.1%,25,31,12.6%,15,55,22.3%,27,49,19.8%,24,60,24.3%,29,247,118
7,33,53,21.0%,25,32,12.7%,15,56,22.2%,27,50,19.8%,24,61,24.2%,29,252,118
7,34,55,21.2%,26,33,12.7%,16,58,22.3%,27,51,19.6%,24,63,24.2%,30,260,120
7,35,56,21.1%,26,33,12.5%,15,59,22.3%,27,53,20.0%,24,64,24.2%,29,265,120
7,36,57,21.0%,26,34,12.5%,16,60,22.1%,27,54,19.9%,25,66,24.4%,30,271,121
7,37,58,21.0%,26,34,12.3%,15,62,22.5%,28,55,19.9%,25,67,24.3%,30,276,121
7,38,59,20.9%,26,35,12.4%,16,63,22.3%,28,57,20.2%,25,68,24.1%,30,282,122
7,39,61,21.0%,26,36,12.4%,16,65,22.4%,28,58,20.0%,25,70,24.1%,30,290,123
7,40,62,21.1%,26,36,12.2%,16,66,22.4%,28,59,20.1%,25,71,24.1%,30,294,123
7,41,63,21.0%,26,37,12.3%,16,67,22.3%,28,60,20.0%,25,73,24.3%,30,300,123
7,42,64,20.8%,27,38,12.4%,16,69,22.5%,29,62,20.2%,26,74,24.1%,31,307,125
7,43,65,20.8%,27,38,12.2%,16,70,22.4%,29,63,20.2%,26,76,24.4%,31,312,125
7,44,67,21.0%,27,39,12.2%,16,72,22.6%,29,64,20.1%,26,77,24.1%,31,319,125
7,45,68,20.9%,27,40,12.3%,16,73,22.4%,29,66,20.2%,26,79,24.2%,31,326,126
7,46,69,20.8%,27,41,12.3%,16,75,22.6%,29,67,20.2%,26,80,24.1%,31,332,127
7,47,71,20.9%,27,41,12.1%,16,76,22.4%,29,69,20.4%,27,82,24.2%,31,339,128
7,48,72,20.9%,27,42,12.2%,16,78,22.6%,29,70,20.3%,26,83,24.1%,31,345,128
7,49,73,20.8%,27,43,12.3%,16,79,22.5%,29,71,20.2%,26,85,24.2%,31,351,128
7,50,74,20.7%,27,43,12.0%,16,81,22.6%,30,73,20.4%,27,87,24.3%,32,358,129
7,51,76,20.9%,28,44,12.1%,16,82,22.5%,30,74,20.3%,27,88,24.2%,32,364,130
7,52,77,20.7%,28,45,12.1%,16,84,22.6%,30,76,20.4%,27,90,24.2%,32,372,131
7,53,78,20.6%,28,46,12.2%,16,85,22.5%,30,77,20.4%,27,92,24.3%,32,378,131
7,54,80,20.8%,28,46,12.0%,16,87,22.7%,30,78,20.3%,27,93,24.2%,32,384,132
7,55,81,20.7%,28,47,12.0%,16,88,22.5%,30,80,20.5%,28,95,24.3%,33,391,133
7,56,83,20.9%,28,48,12.1%,17,90,22.6%,31,81,20.4%,28,96,24.1%,33,398,133
7,57,84,20.7%,28,49,12.1%,17,91,22.5%,31,83,20.5%,28,98,24.2%,33,405,134
7,58,85,20.7%,28,49,11.9%,16,93,22.6%,31,84,20.4%,28,100,24.3%,33,411,134
7,59,87,20.7%,28,50,11.9%,17,95,22.6%,31,86,20.5%,28,102,24.3%,33,420,135
7,60,88,20.7%,28,51,12.0%,17,96,22.6%,31,87,20.5%,28,103,24.2%,33,425,135
7,61,90,20.7%,29,52,12.0%,17,98,22.6%,31,89,20.5%,28,105,24.2%,33,434,136
7,62,91,20.7%,29,52,11.8%,17,99,22.6%,31,90,20.5%,28,107,24.4%,34,439,136
7,63,93,20.8%,29,53,11.9%,17,101,22.6%,31,92,20.6%,29,108,24.2%,34,447,137
7,64,94,20.7%,29,54,11.9%,17,103,22.7%,32,93,20.5%,29,110,24.2%,34,454,137
7,65,95,20.6%,29,55,11.9%,17,104,22.6%,32,95,20.6%,29,112,24.3%,34,461,138
7,66,97,20.6%,29,56,11.9%,17,106,22.6%,32,97,20.6%,29,114,24.3%,34,470,139
7,67,98,20.5%,29,57,11.9%,17,108,22.6%,32,98,20.5%,29,116,24.3%,34,477,139
7,68,100,20.7%,29,57,11.8%,17,110,22.7%,32,100,20.7%,29,117,24.2%,34,484,140
7,69,101,20.6%,29,58,11.8%,17,111,22.7%,32,101,20.6%,29,119,24.3%,34,490,140
7,70,103,20.6%,30,59,11.8%,17,113,22.6%,32,103,20.6%,30,121,24.2%,35,499,141
7,71,104,20.2%,29,60,11.7%,17,115,22.3%,32,113,21.9%,32,123,23.9%,35,515,143
7,72,106,20.1%,29,61,11.6%,17,117,22.2%,32,117,22.2%,32,126,23.9%,35,527,144
7,73,108,20.1%,30,62,11.6%,17,119,22.2%,33,119,22.2%,33,128,23.9%,35,536,145
7,74,110,20.1%,30,63,11.5%,17,122,22.3%,33,122,22.3%,33,130,23.8%,35,547,146
7,75,112,20.1%,30,64,11.5%,17,124,22.3%,33,124,22.3%,33,132,23.7%,35,556,146
7,76,114,20.1%,30,65,11.5%,17,126,22.3%,33,126,22.3%,33,135,23.9%,36,566,147
7,77,115,20.0%,30,66,11.5%,17,128,22.3%,33,128,22.3%,33,137,23.9%,36,574,147
7,78,117,20.1%,30,67,11.5%,17,130,22.3%,33,130,22.3%,33,139,23.8%,36,583,147
7,79,119,20.0%,30,68,11.4%,17,133,22.4%,34,133,22.4%,34,142,23.9%,36,595,148
7,80,121,20.0%,30,69,11.4%,17,135,22.4%,34,135,22.4%,34,144,23.8%,36,604,148
8,1,15,16.5%,16,17,18.7%,18,19,20.9%,20,19,20.9%,20,21,23.1%,22,91,92
8,2,15,16.1%,15,17,18.3%,17,19,20.4%,19,20,21.5%,20,22,23.7%,22,93,91
8,3,15,15.3%,15,17,17.3%,17,20,20.4%,19,22,22.4%,21,24,24.5%,23,98,93
8,4,15,15.0%,14,17,17.0%,16,20,20.0%,19,23,23.0%,22,25,25.0%,23,100,92
8,5,15,14.4%,14,18,17.3%,16,20,19.2%,18,25,24.0%,23,26,25.0%,23,104,92
8,6,15,14.0%,13,18,16.8%,16,20,18.7%,18,26,24.3%,23,28,26.2%,25,107,92
8,7,16,14.4%,14,18,16.2%,16,21,18.9%,18,27,24.3%,23,29,26.1%,25,111,93
8,8,16,14.0%,14,18,15.8%,15,21,18.4%,18,29,25.4%,24,30,26.3%,25,114,93
8,9,16,13.7%,13,18,15.4%,15,21,17.9%,17,30,25.6%,24,32,27.4%,26,117,92
8,10,16,13.1%,13,19,15.6%,15,22,18.0%,17,32,26.2%,25,33,27.0%,26,122,94
8,11,16,12.8%,13,19,15.2%,15,22,17.6%,17,33,26.4%,25,35,28.0%,27,125,94
8,12,16,12.5%,12,19,14.8%,14,22,17.2%,17,35,27.3%,26,36,28.1%,27,128,94
8,13,16,12.2%,12,19,14.5%,14,23,17.6%,17,36,27.5%,26,37,28.2%,27,131,93
8,14,16,11.9%,12,19,14.1%,14,23,17.0%,17,38,28.1%,27,39,28.9%,28,135,94
8,15,17,12.3%,12,19,13.8%,13,23,16.7%,16,39,28.3%,27,40,29.0%,28,138,94
8,16,17,11.8%,12,20,13.9%,14,24,16.7%,16,41,28.5%,28,42,29.2%,28,144,95
8,17,17,11.6%,11,20,13.7%,13,24,16.4%,16,42,28.8%,28,43,29.5%,28,146,94
8,18,17,11.3%,11,20,13.3%,13,24,16.0%,16,44,29.3%,28,45,30.0%,29,150,95
8,19,17,11.0%,11,20,13.0%,13,25,16.2%,16,46,29.9%,29,46,29.9%,29,154,95
8,20,17,10.8%,11,21,13.3%,13,25,15.8%,16,47,29.7%,29,48,30.4%,30,158,96
8,21,17,10.4%,11,21,12.9%,13,26,16.0%,16,49,30.1%,29,50,30.7%,30,163,96
8,22,18,10.8%,11,21,12.6%,13,26,15.6%,16,51,30.5%,30,51,30.5%,30,167,97
8,23,18,10.6%,11,21,12.4%,12,26,15.3%,15,52,30.6%,30,53,31.2%,30,170,96
8,24,18,10.3%,11,21,12.1%,12,27,15.5%,16,54,31.0%,31,54,31.0%,31,174,97
8,25,18,10.1%,10,22,12.3%,12,27,15.1%,15,56,31.3%,31,56,31.3%,31,179,97
8,26,18,9.9%,10,22,12.1%,12,27,14.8%,15,57,31.3%,31,58,31.9%,31,182,97
8,27,18,9.7%,10,22,11.8%,12,28,15.1%,15,59,31.7%,32,59,31.7%,32,186,98
8,28,18,9.5%,10,22,11.6%,12,28,14.7%,15,61,32.1%,32,61,32.1%,32,190,98
8,29,19,9.6%,10,23,11.7%,12,29,14.7%,15,63,32.0%,32,63,32.0%,32,197,99
8,30,19,9.5%,10,23,11.6%,12,29,14.6%,15,64,32.2%,32,64,32.2%,32,199,99
8,31,19,9.3%,10,23,11.3%,12,30,14.7%,15,66,32.4%,33,66,32.4%,33,204,99
8,32,19,9.1%,10,23,11.1%,12,30,14.4%,15,68,32.7%,33,68,32.7%,33,208,100
8,33,19,8.9%,9,24,11.3%,12,30,14.1%,15,70,32.9%,33,70,32.9%,33,213,100
8,34,20,9.2%,10,24,11.1%,12,31,14.3%,15,71,32.7%,33,71,32.7%,33,217,100
8,35,20,9.0%,10,24,10.9%,11,31,14.0%,15,73,33.0%,34,73,33.0%,34,221,100
8,36,20,8.8%,9,24,10.6%,11,32,14.2%,15,75,33.2%,34,75,33.2%,34,226,101
8,37,20,8.7%,9,25,10.8%,12,32,13.9%,15,77,33.3%,34,77,33.3%,34,231,102
8,38,20,8.5%,9,25,10.6%,11,33,14.0%,15,79,33.6%,35,78,33.2%,34,235,102
8,39,21,8.8%,9,25,10.4%,11,33,13.8%,15,81,33.8%,35,80,33.3%,34,240,102
8,40,21,8.5%,9,26,10.6%,11,34,13.8%,15,83,33.7%,35,82,33.3%,35,246,103
8,41,21,8.4%,9,26,10.4%,11,34,13.6%,15,85,34.0%,36,84,33.6%,35,250,103
8,42,21,8.2%,9,26,10.2%,11,35,13.7%,15,87,34.1%,36,86,33.7%,36,255,104
8,43,21,8.1%,9,27,10.4%,11,35,13.5%,14,89,34.2%,36,88,33.8%,36,260,104
8,44,22,8.3%,9,27,10.2%,11,36,13.5%,15,91,34.2%,36,90,33.8%,36,266,105
8,45,22,8.1%,9,27,10.0%,11,36,13.3%,14,93,34.4%,37,92,34.1%,36,270,105
8,46,22,8.0%,9,27,9.9%,11,37,13.5%,15,95,34.7%,37,93,33.9%,36,274,105
8,47,22,7.9%,9,28,10.0%,11,37,13.3%,14,97,34.8%,37,95,34.1%,36,279,105
8,48,22,7.7%,9,28,9.9%,11,38,13.4%,15,99,34.9%,37,97,34.2%,36,284,105
8,49,23,8.0%,9,28,9.7%,11,38,13.1%,14,101,34.9%,38,99,34.3%,37,289,106
8,50,23,7.8%,9,29,9.8%,11,39,13.2%,15,103,34.9%,38,101,34.2%,37,295,107
8,51,23,7.7%,9,29,9.7%,11,39,13.0%,14,105,35.1%,38,103,34.4%,37,299,107
8,52,23,7.6%,9,29,9.5%,11,40,13.2%,15,107,35.2%,38,105,34.5%,37,304,107
8,53,24,7.7%,9,30,9.7%,11,40,12.9%,14,109,35.2%,38,107,34.5%,38,310,108
8,54,24,7.6%,9,30,9.5%,11,41,13.0%,15,111,35.2%,39,109,34.6%,38,315,108
8,55,24,7.5%,9,30,9.4%,11,41,12.9%,14,113,35.4%,39,111,34.8%,38,319,108
8,56,24,7.4%,9,31,9.5%,11,42,12.9%,15,115,35.4%,39,113,34.8%,38,325,109
8,57,25,7.5%,9,31,9.3%,11,42,12.7%,14,118,35.5%,40,116,34.9%,39,332,110
8,58,25,7.4%,9,31,9.2%,11,43,12.8%,15,120,35.6%,40,118,35.0%,39,337,110
8,59,25,7.3%,9,32,9.4%,11,43,12.6%,14,122,35.7%,40,120,35.1%,39,342,110
8,60,25,7.2%,8,32,9.2%,11,44,12.7%,14,124,35.7%,40,122,35.2%,39,347,110
8,61,26,7.3%,9,33,9.3%,11,45,12.7%,15,126,35.6%,40,124,35.0%,39,354,111
8,62,26,7.2%,9,33,9.2%,11,45,12.5%,14,129,35.9%,40,126,35.1%,39,359,111
8,63,26,7.1%,8,33,9.1%,11,46,12.6%,15,131,36.0%,40,128,35.2%,40,364,111
8,64,26,7.0%,8,34,9.2%,11,46,12.4%,14,133,35.9%,41,131,35.4%,40,370,112
8,65,27,7.2%,9,34,9.0%,11,47,12.5%,14,135,35.9%,41,133,35.4%,40,376,112
8,66,27,7.1%,8,34,8.9%,11,48,12.6%,15,138,36.1%,41,135,35.3%,40,382,113
8,67,27,7.0%,8,35,9.0%,11,48,12.4%,15,140,36.2%,41,137,35.4%,41,387,113
8,68,27,6.9%,8,35,8.9%,11,49,12.5%,15,142,36.2%,41,139,35.5%,41,392,113
8,69,28,7.0%,8,36,9.0%,11,49,12.3%,14,145,36.3%,42,142,35.5%,41,400,114
8,70,28,6.9%,8,36,8.9%,11,50,12.3%,15,147,36.3%,42,144,35.6%,41,405,114
8,71,28,6.8%,8,36,8.8%,10,50,12.2%,14,150,36.5%,42,147,35.8%,41,411,114
8,72,28,6.7%,8,37,8.8%,11,51,12.2%,14,153,36.5%,42,150,35.8%,42,419,115
8,73,28,6.6%,8,37,8.7%,10,52,12.2%,15,156,36.6%,43,153,35.9%,42,426,115
8,74,29,6.7%,8,38,8.8%,11,52,12.0%,14,159,36.7%,43,155,35.8%,42,433,115
8,75,29,6.6%,8,38,8.6%,11,53,12.0%,14,162,36.8%,43,158,35.9%,42,440,116
8,76,29,6.5%,8,38,8.5%,10,54,12.0%,14,167,37.2%,44,161,35.9%,42,449,116
8,77,30,6.6%,8,39,8.6%,11,55,12.1%,15,168,36.8%,44,164,36.0%,43,456,117
8,78,30,6.5%,8,39,8.4%,10,55,11.9%,14,171,37.0%,44,167,36.1%,43,462,117
8,79,30,6.4%,8,40,8.5%,10,56,11.9%,14,176,37.3%,44,170,36.0%,43,472,118
8,80,31,6.5%,8,40,8.4%,10,57,11.9%,15,177,37.0%,44,173,36.2%,43,478,118
9,1,15,16.3%,16,17,18.5%,18,20,21.7%,21,19,20.7%,20,21,22.8%,22,92,93
9,2,15,15.8%,15,17,17.9%,17,21,22.1%,21,20,21.1%,20,22,23.2%,22,95,93
9,3,16,16.2%,16,18,18.2%,17,21,21.2%,20,21,21.2%,20,23,23.2%,22,99,93
9,4,16,15.5%,15,18,17.5%,17,22,21.4%,21,23,22.3%,21,24,23.3%,22,103,94
9,5,16,15.1%,15,18,17.0%,16,22,20.8%,20,24,22.6%,22,26,24.5%,24,106,94
9,6,17,15.3%,15,19,17.1%,17,23,20.7%,20,25,22.5%,22,27,24.3%,24,111,95
9,7,17,15.0%,15,19,16.8%,16,23,20.4%,20,26,23.0%,22,28,24.8%,24,113,94
9,8,17,14.5%,14,20,17.1%,17,24,20.5%,20,27,23.1%,22,29,24.8%,24,117,95
9,9,17,14.0%,14,20,16.5%,16,25,20.7%,20,29,24.0%,24,30,24.8%,24,121,96
9,10,18,14.4%,14,20,16.0%,16,25,20.0%,20,30,24.0%,24,32,25.6%,25,125,96
9,11,18,14.0%,14,21,16.3%,16,26,20.2%,20,31,24.0%,24,33,25.6%,25,129,96
9,12,18,13.6%,14,21,15.9%,16,26,19.7%,20,33,25.0%,25,34,25.8%,25,132,97
9,13,19,13.8%,14,22,15.9%,16,27,19.6%,20,34,24.6%,25,36,26.1%,26,138,98
9,14,19,13.5%,14,22,15.6%,16,28,19.9%,20,35,24.8%,25,37,26.2%,26,141,98
9,15,20,13.7%,14,23,15.8%,16,28,19.2%,19,37,25.3%,26,38,26.0%,26,146,99
9,16,20,13.4%,14,23,15.4%,16,29,19.5%,20,38,25.5%,25,39,26.2%,26,149,98
9,17,20,13.1%,13,23,15.0%,15,30,19.6%,20,39,25.5%,26,41,26.8%,27,153,99
9,18,21,13.3%,14,24,15.2%,16,30,19.0%,19,41,25.9%,26,42,26.6%,27,158,100
9,19,21,13.0%,13,24,14.9%,15,31,19.3%,20,42,26.1%,26,43,26.7%,27,161,99
9,20,21,12.7%,13,25,15.1%,16,32,19.3%,20,43,25.9%,26,45,27.1%,28,166,100
9,21,22,12.9%,13,25,14.7%,15,32,18.8%,19,45,26.5%,27,46,27.1%,28,170,100
9,22,22,12.6%,13,26,14.9%,16,33,18.9%,20,46,26.3%,27,48,27.4%,28,175,101
9,23,23,12.8%,14,26,14.4%,15,34,18.9%,20,48,26.7%,28,49,27.2%,28,180,102
9,24,23,12.6%,13,27,14.8%,16,34,18.6%,19,49,26.8%,28,50,27.3%,28,183,102
9,25,23,12.2%,13,27,14.4%,15,35,18.6%,19,51,27.1%,28,52,27.7%,29,188,102
9,26,24,12.4%,13,28,14.5%,15,36,18.7%,20,52,26.9%,28,53,27.5%,29,193,103
9,27,24,12.1%,13,28,14.1%,15,37,18.7%,20,54,27.3%,29,55,27.8%,29,198,104
9,28,25,12.4%,13,29,14.4%,15,37,18.3%,20,55,27.2%,29,56,27.7%,29,202,104
9,29,25,12.1%,13,29,14.0%,15,38,18.4%,20,57,27.5%,29,58,28.0%,30,207,104
9,30,25,11.8%,13,30,14.2%,15,39,18.5%,20,58,27.5%,29,59,28.0%,30,211,104
9,31,26,12.0%,13,30,13.8%,15,40,18.4%,20,60,27.6%,30,61,28.1%,30,217,105
9,32,26,11.8%,13,31,14.1%,15,40,18.2%,20,61,27.7%,30,62,28.2%,30,220,105
9,33,27,11.9%,13,31,13.7%,15,41,18.1%,20,63,27.9%,30,64,28.3%,31,226,106
9,34,27,11.7%,13,32,13.9%,15,42,18.3%,20,64,27.8%,30,65,28.3%,30,230,106
9,35,28,11.9%,13,32,13.6%,15,43,18.2%,20,66,28.0%,30,67,28.4%,31,236,107
9,36,28,11.6%,13,33,13.7%,15,43,17.8%,20,68,28.2%,31,69,28.6%,31,241,107
9,37,28,11.4%,13,34,13.9%,15,44,18.0%,20,69,28.2%,31,70,28.6%,31,245,108
9,38,29,11.6%,13,34,13.5%,15,45,17.9%,20,71,28.3%,31,72,28.7%,31,251,108
9,39,29,11.4%,13,35,13.7%,15,46,18.0%,20,72,28.2%,31,73,28.6%,31,255,108
9,40,30,11.5%,13,35,13.4%,15,47,18.0%,20,74,28.4%,31,75,28.7%,32,261,109
9,41,30,11.2%,13,36,13.5%,15,48,18.0%,20,76,28.5%,32,77,28.8%,32,267,110
9,42,31,11.5%,13,36,13.3%,15,48,17.8%,20,77,28.5%,32,78,28.9%,32,270,110
9,43,31,11.2%,13,37,13.4%,15,49,17.8%,20,79,28.6%,32,80,29.0%,32,276,110
9,44,32,11.3%,13,38,13.4%,15,50,17.7%,20,81,28.6%,32,82,29.0%,33,283,111
9,45,32,11.1%,13,38,13.2%,15,51,17.8%,20,83,28.9%,33,83,28.9%,33,287,111
9,46,33,11.3%,13,39,13.3%,15,52,17.7%,20,84,28.7%,33,85,29.0%,33,293,112
9,47,33,11.1%,13,39,13.1%,15,53,17.8%,20,86,28.9%,33,87,29.2%,33,298,112
9,48,34,11.1%,13,40,13.1%,15,54,17.7%,21,88,28.9%,33,89,29.2%,33,305,113
9,49,34,11.0%,13,41,13.3%,15,54,17.5%,20,90,29.1%,33,90,29.1%,33,309,113
9,50,35,11.1%,13,41,13.1%,15,55,17.5%,20,91,29.0%,33,92,29.3%,34,314,113
9,51,35,10.9%,13,42,13.1%,15,56,17.5%,20,93,29.1%,34,94,29.4%,34,320,114
9,52,36,11.0%,13,43,13.1%,16,57,17.4%,21,95,29.1%,34,96,29.4%,34,327,115
9,53,36,10.9%,13,43,13.0%,15,58,17.5%,21,97,29.3%,34,97,29.3%,34,331,115
9,54,37,10.9%,13,44,13.0%,16,59,17.5%,21,99,29.3%,34,99,29.3%,34,338,116
9,55,37,10.8%,13,45,13.1%,16,60,17.4%,21,101,29.4%,35,101,29.4%,35,344,117
9,56,38,10.9%,13,45,12.9%,16,61,17.5%,21,102,29.2%,35,103,29.5%,35,349,117
9,57,38,10.7%,13,46,13.0%,16,62,17.5%,21,104,29.3%,35,105,29.6%,35,355,117
9,58,39,10.8%,13,47,13.0%,16,63,17.4%,21,106,29.3%,35,107,29.6%,35,362,118
9,59,40,10.9%,13,47,12.8%,16,64,17.4%,21,108,29.4%,35,108,29.4%,35,367,118
9,60,40,10.7%,13,48,12.9%,16,65,17.4%,21,110,29.5%,36,110,29.5%,36,373,119
9,61,41,10.8%,13,49,12.9%,16,66,17.4%,21,112,29.5%,36,112,29.5%,36,380,119
9,62,41,10.6%,13,49,12.7%,16,67,17.4%,21,114,29.6%,36,114,29.6%,36,385,119
9,63,42,10.7%,13,50,12.8%,16,68,17.3%,21,116,29.6%,36,116,29.6%,36,392,120
9,64,42,10.6%,13,51,12.8%,16,69,17.3%,21,118,29.6%,36,118,29.6%,36,398,120
9,65,43,10.6%,13,51,12.6%,16,70,17.3%,21,120,29.7%,36,120,29.7%,36,404,121
9,66,44,10.7%,13,52,12.7%,16,71,17.3%,21,122,29.7%,36,122,29.7%,36,411,121
9,67,44,10.6%,13,53,12.7%,16,72,17.3%,22,124,29.7%,37,124,29.7%,37,417,122
9,68,45,10.6%,13,54,12.7%,16,73,17.2%,22,126,29.7%,37,126,29.7%,37,424,122
9,69,45,10.5%,13,54,12.6%,16,74,17.2%,22,128,29.8%,37,128,29.8%,37,429,122
9,70,46,10.6%,13,55,12.6%,16,75,17.2%,22,130,29.8%,37,130,29.8%,37,436,123
9,71,47,10.3%,14,56,12.3%,16,78,17.1%,22,134,29.4%,38,141,30.9%,40,456,127
9,72,48,10.4%,14,56,12.1%,16,79,17.1%,22,135,29.3%,37,143,31.0%,40,461,126
9,73,49,10.4%,14,57,12.2%,16,80,17.1%,22,137,29.2%,38,146,31.1%,40,469,127
9,74,49,10.1%,14,58,12.0%,16,86,17.8%,23,141,29.2%,38,149,30.8%,40,483,129
9,75,50,10.2%,14,59,12.0%,16,89,18.1%,24,142,28.9%,38,151,30.8%,40,491,129
9,76,51,10.2%,14,60,12.0%,16,90,18.0%,24,145,29.0%,38,154,30.8%,41,500,130
9,77,52,10.2%,14,61,12.0%,16,91,17.9%,24,148,29.1%,38,157,30.8%,41,509,130
9,78,52,10.1%,14,62,12.0%,16,93,18.0%,24,150,29.0%,39,160,30.9%,41,517,131
9,79,53,10.1%,14,63,12.0%,16,94,17.9%,24,153,29.1%,39,163,31.0%,41,526,131
9,80,54,10.1%,14,64,12.0%,16,95,17.8%,24,156,29.2%,39,165,30.9%,41,534,131
11,1,18,19.8%,19,15,16.5%,16,19,20.9%,20,17,18.7%,18,22,24.2%,23,91,92
11,2,19,19.8%,19,16,16.7%,16,20,20.8%,20,18,18.8%,18,23,24.0%,23,96,94
11,3,19,19.4%,19,16,16.3%,16,20,20.4%,19,19,19.4%,19,24,24.5%,23,98,93
11,4,20,19.2%,19,17,16.3%,16,21,20.2%,20,20,19.2%,19,26,25.0%,24,104,95
11,5,20,18.7%,18,17,15.9%,16,22,20.6%,20,21,19.6%,19,27,25.2%,24,107,95
11,6,21,18.9%,18,18,16.2%,16,22,19.8%,19,22,19.8%,19,28,25.2%,24,111,95
11,7,21,18.4%,18,18,15.8%,15,23,20.2%,20,23,20.2%,20,29,25.4%,25,114,95
11,8,22,18.5%,18,19,16.0%,16,24,20.2%,20,24,20.2%,20,30,25.2%,25,119,97
11,9,23,18.5%,19,19,15.3%,16,24,19.4%,19,26,21.0%,21,32,25.8%,26,124,98
11,10,23,18.0%,18,20,15.6%,16,25,19.5%,20,27,21.1%,21,33,25.8%,26,128,98
11,11,24,18.2%,18,20,15.2%,15,26,19.7%,20,28,21.2%,21,34,25.8%,26,132,99
11,12,24,17.8%,18,21,15.6%,16,26,19.3%,20,29,21.5%,22,35,25.9%,26,135,99
11,13,25,17.9%,18,21,15.0%,15,27,19.3%,20,30,21.4%,22,37,26.4%,27,140,100
11,14,26,17.9%,19,22,15.2%,16,28,19.3%,20,31,21.4%,22,38,26.2%,27,145,101
11,15,26,17.4%,18,23,15.4%,16,29,19.5%,20,32,21.5%,22,39,26.2%,27,149,101
11,16,27,17.5%,18,23,14.9%,16,29,18.8%,20,34,22.1%,23,41,26.6%,28,154,102
11,17,28,17.6%,19,24,15.1%,16,30,18.9%,20,35,22.0%,23,42,26.4%,28,159,103
11,18,28,17.3%,18,24,14.8%,16,31,19.1%,20,36,22.2%,23,43,26.5%,28,162,102
11,19,29,17.3%,18,25,14.9%,16,32,19.0%,20,37,22.0%,23,45,26.8%,28,168,104
11,20,30,17.3%,19,26,15.0%,16,32,18.5%,20,39,22.5%,24,46,26.6%,28,173,105
11,21,30,16.9%,18,26,14.7%,16,33,18.6%,20,40,22.6%,24,48,27.1%,29,177,105
11,22,31,17.0%,18,27,14.8%,16,34,18.7%,20,41,22.5%,24,49,26.9%,29,182,105
11,23,32,17.0%,19,28,14.9%,16,35,18.6%,20,42,22.3%,24,51,27.1%,29,188,106
11,24,32,16.7%,18,28,14.6%,16,36,18.8%,21,44,22.9%,25,52,27.1%,29,192,107
11,25,33,16.8%,19,29,14.8%,16,36,18.4%,20,45,23.0%,25,53,27.0%,29,196,107
11,26,34,16.8%,19,30,14.9%,17,37,18.3%,20,46,22.8%,25,55,27.2%,30,202,108
11,27,35,17.0%,19,30,14.6%,16,38,18.4%,20,47,22.8%,25,56,27.2%,30,206,108
11,28,35,16.5%,18,31,14.6%,16,39,18.4%,21,49,23.1%,26,58,27.4%,30,212,109
11,29,36,16.6%,19,32,14.7%,17,40,18.4%,21,50,23.0%,26,59,27.2%,30,217,109
11,30,37,16.6%,19,32,14.3%,16,41,18.4%,21,52,23.3%,26,61,27.4%,31,223,110
11,31,38,16.7%,19,33,14.5%,17,42,18.4%,21,53,23.2%,26,62,27.2%,31,228,111
11,32,38,16.4%,19,34,14.7%,17,42,18.1%,21,54,23.3%,26,64,27.6%,31,232,111
11,33,39,16.4%,19,34,14.3%,16,43,18.1%,21,56,23.5%,27,66,27.7%,32,238,112
11,34,40,16.5%,19,35,14.4%,17,44,18.1%,21,57,23.5%,27,67,27.6%,31,243,112
11,35,41,16.5%,19,36,14.5%,17,45,18.1%,21,58,23.3%,27,69,27.7%,32,249,113
11,36,42,16.5%,19,36,14.2%,17,46,18.1%,21,60,23.6%,27,70,27.6%,32,254,113
11,37,42,16.2%,19,37,14.3%,17,47,18.1%,21,61,23.6%,27,72,27.8%,32,259,114
11,38,43,16.2%,19,38,14.3%,17,48,18.0%,21,63,23.7%,28,74,27.8%,32,266,115
11,39,44,16.2%,19,39,14.4%,17,49,18.1%,21,64,23.6%,28,75,27.7%,32,271,115
11,40,45,16.2%,19,39,14.1%,17,50,18.1%,21,66,23.8%,28,77,27.8%,33,277,116
11,41,46,16.3%,19,40,14.1%,17,51,18.0%,21,67,23.7%,28,79,27.9%,33,283,116
11,42,46,16.0%,19,41,14.2%,17,52,18.1%,22,69,24.0%,29,80,27.8%,33,288,117
11,43,47,16.0%,19,42,14.3%,17,53,18.0%,22,70,23.8%,28,82,27.9%,33,294,117
11,44,48,15.9%,19,43,14.3%,17,54,17.9%,22,72,23.9%,29,84,27.9%,33,301,118
11,45,49,16.1%,19,43,14.1%,17,55,18.0%,22,73,23.9%,29,85,27.9%,33,305,118
11,46,50,16.0%,20,44,14.1%,17,56,17.9%,22,75,24.0%,29,87,27.9%,34,312,119
11,47,51,16.0%,20,45,14.2%,17,57,17.9%,22,76,23.9%,29,89,28.0%,34,318,120
11,48,52,16.0%,20,46,14.2%,18,58,17.8%,22,78,24.0%,30,91,28.0%,34,325,121
11,49,53,16.0%,20,47,14.2%,18,59,17.8%,22,79,23.9%,29,93,28.1%,34,331,121
11,50,53,15.8%,20,47,14.0%,17,60,17.9%,22,81,24.2%,30,94,28.1%,34,335,121
11,51,54,15.8%,20,48,14.0%,18,61,17.8%,22,83,24.3%,30,96,28.1%,35,342,122
11,52,55,15.8%,20,49,14.1%,18,62,17.8%,22,84,24.1%,30,98,28.2%,35,348,122
11,53,56,15.8%,20,50,14.1%,18,63,17.7%,22,86,24.2%,30,100,28.2%,35,355,123
11,54,57,15.8%,20,51,14.1%,18,64,17.7%,22,87,24.1%,30,102,28.3%,36,361,124
11,55,58,15.8%,20,51,13.9%,18,65,17.8%,23,89,24.3%,31,103,28.1%,35,366,124
11,56,59,15.8%,20,52,13.9%,18,66,17.7%,23,91,24.4%,31,105,28.2%,36,373,125
11,57,60,15.8%,20,53,14.0%,18,67,17.7%,23,92,24.3%,31,107,28.2%,36,379,125
11,58,61,15.8%,20,54,14.0%,18,68,17.6%,23,94,24.4%,31,109,28.2%,36,386,126
11,59,62,15.8%,20,55,14.0%,18,69,17.6%,23,96,24.4%,31,111,28.2%,36,393,126
11,60,63,15.8%,21,56,14.0%,18,70,17.5%,23,97,24.3%,31,113,28.3%,36,399,127
11,61,64,15.7%,20,57,14.0%,18,72,17.7%,23,99,24.3%,31,115,28.3%,36,407,127
11,62,65,15.7%,21,58,14.0%,18,73,17.6%,23,101,24.4%,32,117,28.3%,37,414,128
11,63,66,15.7%,21,59,14.0%,19,74,17.6%,23,103,24.5%,32,119,28.3%,37,421,129
11,64,67,15.7%,21,59,13.8%,18,75,17.6%,23,104,24.4%,32,121,28.4%,37,426,129
11,65,68,15.7%,21,60,13.9%,18,76,17.6%,23,106,24.5%,32,123,28.4%,37,433,129
11,66,69,15.7%,21,61,13.9%,19,77,17.5%,23,108,24.5%,32,125,28.4%,37,440,130
11,67,70,15.7%,21,62,13.9%,19,78,17.4%,23,110,24.6%,33,127,28.4%,38,447,131
11,68,71,15.6%,21,63,13.9%,19,80,17.6%,24,111,24.4%,33,129,28.4%,38,454,131
11,69,72,15.6%,21,64,13.9%,19,81,17.6%,24,113,24.5%,33,131,28.4%,38,461,132
11,70,73,15.6%,21,65,13.9%,19,82,17.5%,24,115,24.6%,33,133,28.4%,38,468,132
11,71,75,15.8%,21,66,13.9%,19,83,17.4%,24,117,24.6%,33,135,28.4%,38,476,132
11,72,76,15.6%,21,68,14.0%,19,85,17.5%,24,120,24.6%,33,138,28.3%,38,487,133
11,73,77,15.6%,21,69,14.0%,19,86,17.4%,24,122,24.7%,33,140,28.3%,38,494,133
11,74,78,15.5%,21,70,13.9%,19,88,17.5%,24,124,24.7%,34,143,28.4%,39,503,134
11,75,80,15.7%,21,71,13.9%,19,89,17.4%,24,126,24.7%,34,145,28.4%,39,511,134
11,76,81,15.6%,22,72,13.8%,19,91,17.5%,24,128,24.6%,34,148,28.5%,39,520,135
11,77,82,15.5%,21,73,13.8%,19,92,17.4%,24,131,24.8%,34,151,28.5%,39,529,135
11,78,84,15.6%,22,75,13.9%,19,94,17.4%,24,133,24.7%,34,153,28.4%,39,539,136
11,79,85,15.5%,22,76,13.9%,19,95,17.3%,24,136,24.8%,34,156,28.5%,39,548,136
11,80,86,15.4%,22,77,13.8%,19,97,17.4%,24,138,24.8%,34,159,28.5%,40,557,137